anon_school,anon_class,anon_pid,p_D,p_A,p_S
SCH_001,CLS_0015,P000224,0.3732585310935974,0.40559059381484985,0.42425450682640076
SCH_001,CLS_0015,P007578,0.41135165095329285,0.39834949374198914,0.40961694717407227
SCH_001,CLS_0016,P000727,0.37614336609840393,0.36461561918258667,0.4005238711833954
SCH_001,CLS_0016,P001593,0.517526388168335,0.5446751713752747,0.5243648290634155
SCH_001,CLS_0016,P001856,0.3494969308376312,0.3363676965236664,0.38617730140686035
SCH_001,CLS_0016,P002939,0.3560240864753723,0.4101763367652893,0.37489792704582214
SCH_001,CLS_0016,P007401,0.36765584349632263,0.3488416373729706,0.39186957478523254
SCH_001,CLS_0024,P003859,0.4274813234806061,0.3949940502643585,0.4343242347240448
SCH_001,CLS_0024,P007010,0.4390326738357544,0.4823061525821686,0.4684678316116333
SCH_001,CLS_0041,P001190,0.3502308130264282,0.4095207452774048,0.410403847694397
SCH_001,CLS_0041,P005030,0.31413552165031433,0.3196354806423187,0.3822470009326935
SCH_001,CLS_0041,P007771,0.38419121503829956,0.3850473165512085,0.4113464653491974
SCH_001,CLS_0094,P007442,0.33214861154556274,0.32804927229881287,0.3732438087463379
SCH_001,CLS_0110,P005849,0.41342443227767944,0.32929837703704834,0.41845738887786865
SCH_001,CLS_0220,P004254,0.4788661003112793,0.5522381663322449,0.5091444253921509
SCH_001,CLS_0220,P004945,0.3466334044933319,0.38800278306007385,0.4058212339878082
SCH_001,CLS_0220,P007267,0.34096866846084595,0.4010026454925537,0.37909793853759766
SCH_001,CLS_0229,P000981,0.41229352355003357,0.37315061688423157,0.4250180125236511
SCH_001,CLS_0229,P006105,0.4201022684574127,0.41658443212509155,0.4299231767654419
SCH_001,CLS_0232,P006112,0.3638240396976471,0.4045460522174835,0.43826374411582947
SCH_001,CLS_0232,P006717,0.3568160831928253,0.3462504744529724,0.3957943916320801
SCH_002,CLS_0054,P002235,0.4616953730583191,0.4076535403728485,0.4591920077800751
SCH_002,CLS_0054,P002282,0.444112628698349,0.39605432748794556,0.42971789836883545
SCH_002,CLS_0054,P003948,0.5134517550468445,0.5634574294090271,0.5265995264053345
SCH_002,CLS_0054,P005843,0.3448202908039093,0.40577784180641174,0.4269160330295563
SCH_002,CLS_0054,P006043,0.45728030800819397,0.47992613911628723,0.46794402599334717
SCH_002,CLS_0057,P004558,0.6250896453857422,0.5538559556007385,0.561415433883667
SCH_002,CLS_0057,P007231,0.4052578806877136,0.42321333289146423,0.4286397695541382
SCH_002,CLS_0078,P001915,0.357538104057312,0.4116096794605255,0.38735055923461914
SCH_002,CLS_0078,P002964,0.3967709541320801,0.4014022946357727,0.41374072432518005
SCH_002,CLS_0102,P000423,0.6358277797698975,0.5529047846794128,0.5804908275604248
SCH_002,CLS_0102,P000567,0.4508616328239441,0.47081097960472107,0.4592025876045227
SCH_002,CLS_0102,P002196,0.4028368592262268,0.34547141194343567,0.41029149293899536
SCH_002,CLS_0102,P002556,0.4450797140598297,0.4084477424621582,0.43695148825645447
SCH_002,CLS_0102,P003573,0.37224024534225464,0.36621880531311035,0.3964367210865021
SCH_002,CLS_0102,P004100,0.415920615196228,0.41611698269844055,0.43283021450042725
SCH_002,CLS_0102,P004300,0.32642045617103577,0.3518516719341278,0.40661612153053284
SCH_002,CLS_0102,P005391,0.3533681631088257,0.4068760871887207,0.4150964617729187
SCH_002,CLS_0102,P006351,0.3635292649269104,0.34784355759620667,0.3946172893047333
SCH_002,CLS_0127,P000157,0.35114699602127075,0.36711615324020386,0.39828309416770935
SCH_002,CLS_0127,P000165,0.4595169126987457,0.5004157423973083,0.4747171998023987
SCH_002,CLS_0127,P002890,0.49146246910095215,0.5133114457130432,0.47833681106567383
SCH_002,CLS_0127,P003716,0.5628505945205688,0.5267079472541809,0.5032703280448914
SCH_002,CLS_0127,P005170,0.6024506688117981,0.5444737672805786,0.5456876158714294
SCH_002,CLS_0127,P005820,0.5471929311752319,0.5197754502296448,0.49444159865379333
SCH_002,CLS_0127,P006767,0.4257737100124359,0.4081166684627533,0.4165848195552826
SCH_002,CLS_0127,P007335,0.5042513012886047,0.5144767761230469,0.4793376922607422
SCH_002,CLS_0132,P000085,0.5029441714286804,0.5043414831161499,0.4906432330608368
SCH_002,CLS_0132,P001197,0.4838913083076477,0.4683173596858978,0.47284528613090515
SCH_002,CLS_0132,P001949,0.5704787969589233,0.545194149017334,0.5062848925590515
SCH_002,CLS_0132,P003417,0.4376092553138733,0.4032694697380066,0.44040149450302124
SCH_002,CLS_0132,P003932,0.41002941131591797,0.38124242424964905,0.42117786407470703
SCH_002,CLS_0132,P004337,0.6148210763931274,0.5409495830535889,0.5514610409736633
SCH_002,CLS_0132,P005884,0.45088115334510803,0.3997739553451538,0.4484710395336151
SCH_002,CLS_0132,P007536,0.4402683973312378,0.42996421456336975,0.42605894804000854
SCH_002,CLS_0137,P001845,0.43140676617622375,0.4159669876098633,0.41587796807289124
SCH_002,CLS_0137,P001923,0.5182380676269531,0.5092911720275879,0.47666943073272705
SCH_002,CLS_0137,P002883,0.33583155274391174,0.3460129499435425,0.3906541168689728
SCH_002,CLS_0137,P003192,0.41077446937561035,0.3860694169998169,0.41916388273239136
SCH_002,CLS_0137,P003269,0.28154507279396057,0.3402102589607239,0.2629806399345398
SCH_002,CLS_0137,P005082,0.3755214214324951,0.3519904911518097,0.3957063555717468
SCH_002,CLS_0137,P005325,0.34404081106185913,0.3172665536403656,0.3778032064437866
SCH_002,CLS_0137,P006266,0.3349638879299164,0.32557159662246704,0.36947667598724365
SCH_002,CLS_0137,P006428,0.3803965449333191,0.3544063866138458,0.4014596939086914
SCH_002,CLS_0137,P007337,0.595475971698761,0.5443454384803772,0.5332284569740295
SCH_002,CLS_0175,P004531,0.3659275472164154,0.39702606201171875,0.41599246859550476
SCH_002,CLS_0175,P006442,0.39064815640449524,0.37299519777297974,0.4112190008163452
SCH_002,CLS_0192,P000115,0.38671037554740906,0.3398168981075287,0.4009423851966858
SCH_002,CLS_0192,P001976,0.5169771909713745,0.4878544211387634,0.49049779772758484
SCH_002,CLS_0192,P003589,0.3722682297229767,0.4205505847930908,0.4110991358757019
SCH_002,CLS_0192,P004324,0.6462610363960266,0.5322169661521912,0.6023725867271423
SCH_002,CLS_0192,P004441,0.37029188871383667,0.36284375190734863,0.38850027322769165
SCH_002,CLS_0192,P006974,0.5750988721847534,0.5010318756103516,0.5311247110366821
SCH_002,CLS_0198,P000663,0.46923163533210754,0.41000431776046753,0.45206233859062195
SCH_002,CLS_0198,P001171,0.3705008327960968,0.32849833369255066,0.39318063855171204
SCH_002,CLS_0198,P001341,0.4059337377548218,0.380360871553421,0.41849327087402344
SCH_002,CLS_0198,P002624,0.38683944940567017,0.3599521815776825,0.405730664730072
SCH_002,CLS_0198,P005464,0.3551175892353058,0.34092822670936584,0.3859938979148865
SCH_002,CLS_0205,P001129,0.47284528613090515,0.4797144830226898,0.46208974719047546
SCH_002,CLS_0205,P003503,0.3422095775604248,0.3359028100967407,0.37859028577804565
SCH_002,CLS_0205,P004048,0.3885331451892853,0.35000064969062805,0.4047471880912781
SCH_002,CLS_0205,P004411,0.41719290614128113,0.393440842628479,0.4242032766342163
SCH_002,CLS_0205,P005448,0.3642086386680603,0.33908790349960327,0.3934554159641266
SCH_002,CLS_0214,P001387,0.395932674407959,0.37467989325523376,0.4147484004497528
SCH_002,CLS_0214,P002998,0.4101087152957916,0.3569631278514862,0.4172857105731964
SCH_002,CLS_0214,P005827,0.44543740153312683,0.4075652062892914,0.44868147373199463
SCH_002,CLS_0214,P006803,0.4303113520145416,0.3951682448387146,0.4312034547328949
SCH_002,CLS_0221,P002031,0.35563117265701294,0.33164650201797485,0.37797725200653076
SCH_002,CLS_0221,P002583,0.3268049657344818,0.3178153336048126,0.3696076273918152
SCH_002,CLS_0221,P005679,0.47433409094810486,0.4510822892189026,0.459789514541626
SCH_002,CLS_0237,P003540,0.35235053300857544,0.376117467880249,0.42626574635505676
SCH_002,CLS_0237,P004961,0.4676516056060791,0.465004563331604,0.45448067784309387
SCH_002,CLS_0237,P007119,0.31444039940834045,0.3086027204990387,0.36908194422721863
SCH_003,CLS_0035,P001389,0.3032592833042145,0.2886044681072235,0.37124744057655334
SCH_003,CLS_0035,P001662,0.2891708314418793,0.28499019145965576,0.3906852602958679
SCH_003,CLS_0035,P001796,0.310299813747406,0.3036486804485321,0.368461549282074
SCH_003,CLS_0035,P004676,0.28592702746391296,0.28721073269844055,0.359439879655838
SCH_003,CLS_0035,P005713,0.3305683732032776,0.32899799942970276,0.3940213918685913
SCH_003,CLS_0035,P005981,0.30901482701301575,0.2873799800872803,0.39264219999313354
SCH_003,CLS_0035,P006966,0.2921912968158722,0.2903231680393219,0.35679399967193604
SCH_003,CLS_0043,P000588,0.30615174770355225,0.28618794679641724,0.3763026297092438
SCH_003,CLS_0043,P003477,0.3314610719680786,0.2859607934951782,0.3958355188369751
SCH_003,CLS_0043,P003522,0.3254745900630951,0.3048754036426544,0.37353086471557617
SCH_003,CLS_0043,P005626,0.2981075942516327,0.29810863733291626,0.37028995156288147
SCH_003,CLS_0048,P001272,0.3093039095401764,0.2864229381084442,0.4047786593437195
SCH_003,CLS_0048,P001812,0.29969680309295654,0.2925625741481781,0.36622047424316406
SCH_003,CLS_0048,P002806,0.2846626937389374,0.28559014201164246,0.3634912967681885
SCH_003,CLS_0048,P003646,0.28448784351348877,0.2881362736225128,0.36593443155288696
SCH_003,CLS_0048,P007294,0.2810641825199127,0.28570497035980225,0.35861992835998535
SCH_003,CLS_0049,P006604,0.3643025755882263,0.4088805317878723,0.409193217754364
SCH_003,CLS_0053,P006118,0.38608884811401367,0.43610113859176636,0.4646857678890228
SCH_003,CLS_0053,P007358,0.2872559130191803,0.28882259130477905,0.35890305042266846
SCH_003,CLS_0060,P000561,0.33573591709136963,0.3451848030090332,0.3970971703529358
SCH_003,CLS_0060,P001838,0.30581724643707275,0.30821675062179565,0.3811071813106537
SCH_003,CLS_0060,P003220,0.31019002199172974,0.30337005853652954,0.3745116591453552
SCH_003,CLS_0060,P004927,0.33624550700187683,0.3513210117816925,0.40240922570228577
SCH_003,CLS_0060,P005876,0.31164491176605225,0.31449615955352783,0.38229891657829285
SCH_003,CLS_0060,P006958,0.4672090709209442,0.5506474375724792,0.5074481964111328
SCH_003,CLS_0060,P007139,0.2971028983592987,0.29069533944129944,0.3598204553127289
SCH_003,CLS_0062,P003419,0.290180504322052,0.29219621419906616,0.3554135859012604
SCH_003,CLS_0062,P004170,0.29934123158454895,0.2989635169506073,0.3695015609264374
SCH_003,CLS_0062,P004780,0.2890743017196655,0.28706619143486023,0.37162554264068604
SCH_003,CLS_0064,P002227,0.31442251801490784,0.3257957696914673,0.39531210064888
SCH_003,CLS_0064,P004186,0.30449703335762024,0.29233989119529724,0.3662693500518799
SCH_003,CLS_0064,P005042,0.33501532673835754,0.36651328206062317,0.41734471917152405
SCH_003,CLS_0064,P006019,0.28894761204719543,0.2894816994667053,0.3552521765232086
SCH_003,CLS_0064,P006686,0.2948468029499054,0.28769126534461975,0.36564046144485474
SCH_003,CLS_0066,P005326,0.30024829506874084,0.29877832531929016,0.3678293228149414
SCH_003,CLS_0066,P005847,0.29034310579299927,0.28742969036102295,0.354810506105423
SCH_003,CLS_0066,P006371,0.3022814095020294,0.29809051752090454,0.36524391174316406
SCH_003,CLS_0066,P006702,0.3154275119304657,0.31474098563194275,0.3854029178619385
SCH_003,CLS_0072,P000888,0.31500372290611267,0.3078276813030243,0.380807489156723
SCH_003,CLS_0072,P001504,0.2951134145259857,0.291305810213089,0.3619041442871094
SCH_003,CLS_0072,P002033,0.30196452140808105,0.29493436217308044,0.3653459846973419
SCH_003,CLS_0072,P003897,0.29174911975860596,0.28845497965812683,0.3629247546195984
SCH_003,CLS_0072,P006990,0.328307181596756,0.3233879506587982,0.38821497559547424
SCH_003,CLS_0072,P007042,0.2996003031730652,0.2935027480125427,0.3643580377101898
SCH_003,CLS_0072,P007586,0.29319798946380615,0.2888590097427368,0.3621245324611664
SCH_003,CLS_0073,P000217,0.4530932307243347,0.5095831751823425,0.4712485074996948
SCH_003,CLS_0073,P001450,0.2885829508304596,0.28866663575172424,0.35687530040740967
SCH_003,CLS_0073,P001936,0.3053758144378662,0.29845017194747925,0.3639459013938904
SCH_003,CLS_0073,P002110,0.29342594742774963,0.29464155435562134,0.3614797294139862
SCH_003,CLS_0073,P002561,0.35635825991630554,0.3994626998901367,0.4231407642364502
SCH_003,CLS_0073,P003781,0.30872997641563416,0.2858186364173889,0.39984655380249023
SCH_003,CLS_0073,P005049,0.3074284791946411,0.3207933008670807,0.38072097301483154
SCH_003,CLS_0073,P007049,0.36778372526168823,0.4149758815765381,0.4255317449569702
SCH_003,CLS_0073,P007317,0.4023130238056183,0.4708985686302185,0.46865585446357727
SCH_003,CLS_0083,P000365,0.3315868079662323,0.3587786853313446,0.40894341468811035
SCH_003,CLS_0083,P000393,0.3260001540184021,0.34182196855545044,0.4005146622657776
SCH_003,CLS_0083,P001114,0.2972562611103058,0.28864943981170654,0.3682766556739807
SCH_003,CLS_0083,P004471,0.2901301085948944,0.2912956178188324,0.35907816886901855
SCH_003,CLS_0083,P005227,0.2919327914714813,0.2882678508758545,0.3596901297569275
SCH_003,CLS_0083,P006824,0.299053817987442,0.2972315847873688,0.36937448382377625
SCH_003,CLS_0083,P007022,0.31912341713905334,0.32359540462493896,0.38530591130256653
SCH_003,CLS_0092,P000025,0.305203914642334,0.318604052066803,0.3842279613018036
SCH_003,CLS_0092,P000596,0.30796605348587036,0.30536118149757385,0.37857338786125183
SCH_003,CLS_0092,P000693,0.36045995354652405,0.4111138880252838,0.38980039954185486
SCH_003,CLS_0092,P001773,0.29129475355148315,0.28662410378456116,0.35722726583480835
SCH_003,CLS_0105,P000474,0.29756540060043335,0.2918882668018341,0.3610120117664337
SCH_003,CLS_0105,P001784,0.33203741908073425,0.3265030086040497,0.3866253197193146
SCH_003,CLS_0105,P003917,0.5778306722640991,0.45620986819267273,0.5589572787284851
SCH_003,CLS_0105,P004694,0.291130393743515,0.29028937220573425,0.35805827379226685
SCH_003,CLS_0105,P005052,0.2866576910018921,0.29177045822143555,0.34561261534690857
SCH_003,CLS_0105,P005468,0.29010018706321716,0.2833745777606964,0.3561094105243683
SCH_003,CLS_0105,P007120,0.29366984963417053,0.28288963437080383,0.39812180399894714
SCH_003,CLS_0116,P002744,0.29337143898010254,0.2877705693244934,0.37892210483551025
SCH_003,CLS_0116,P004293,0.28929057717323303,0.28747355937957764,0.359487384557724
SCH_003,CLS_0116,P004572,0.3097035884857178,0.3058507740497589,0.3749140501022339
SCH_003,CLS_0116,P006572,0.29031887650489807,0.2863898277282715,0.3754180371761322
SCH_003,CLS_0116,P007270,0.2878361940383911,0.28899314999580383,0.3586429953575134
SCH_003,CLS_0118,P001098,0.32581472396850586,0.35505783557891846,0.40743082761764526
SCH_003,CLS_0118,P003006,0.29177114367485046,0.2937169373035431,0.36206358671188354
SCH_003,CLS_0126,P000436,0.375011146068573,0.42179274559020996,0.3956947326660156
SCH_003,CLS_0126,P002236,0.34032559394836426,0.3905755877494812,0.4337905943393707
SCH_003,CLS_0126,P003913,0.3467259109020233,0.38467663526535034,0.4365987777709961
SCH_003,CLS_0126,P006179,0.3197919428348541,0.331910640001297,0.398734450340271
SCH_003,CLS_0126,P006492,0.30436673760414124,0.33351191878318787,0.39348331093788147
SCH_003,CLS_0126,P007576,0.2935023605823517,0.2890484631061554,0.3609640598297119
SCH_003,CLS_0130,P002522,0.28661230206489563,0.28847479820251465,0.35861262679100037
SCH_003,CLS_0130,P004673,0.30866485834121704,0.3095831573009491,0.3785456120967865
SCH_003,CLS_0140,P000562,0.3048020899295807,0.296458899974823,0.36931750178337097
SCH_003,CLS_0140,P000967,0.29402920603752136,0.29077938199043274,0.36279240250587463
SCH_003,CLS_0140,P002678,0.30817025899887085,0.30476653575897217,0.3789505958557129
SCH_003,CLS_0140,P002848,0.3167691230773926,0.3228243291378021,0.38770610094070435
SCH_003,CLS_0140,P003473,0.5088750720024109,0.47889354825019836,0.47800731658935547
SCH_003,CLS_0140,P003591,0.2945522665977478,0.2888592481613159,0.36329904198646545
SCH_003,CLS_0140,P004454,0.2926259934902191,0.2908480167388916,0.36072811484336853
SCH_003,CLS_0140,P006719,0.3136194944381714,0.3129483759403229,0.3833860456943512
SCH_003,CLS_0140,P007380,0.35325464606285095,0.38495907187461853,0.42476701736450195
SCH_003,CLS_0142,P000708,0.3021833896636963,0.29592856764793396,0.37105274200439453
SCH_003,CLS_0142,P003706,0.32381632924079895,0.32099592685699463,0.39131128787994385
SCH_003,CLS_0153,P000554,0.2977310121059418,0.29367002844810486,0.36675238609313965
SCH_003,CLS_0157,P007251,0.38147565722465515,0.42849206924438477,0.43417227268218994
SCH_003,CLS_0170,P004055,0.28957346081733704,0.2861205041408539,0.3717957139015198
SCH_003,CLS_0173,P002419,0.2876746654510498,0.2934991121292114,0.3583848476409912
SCH_003,CLS_0173,P003543,0.2869262397289276,0.2882281541824341,0.3638857305049896
SCH_003,CLS_0174,P000283,0.3690936267375946,0.4179042875766754,0.43169137835502625
SCH_003,CLS_0191,P002316,0.34123584628105164,0.3295309245586395,0.3787471354007721
SCH_003,CLS_0196,P000445,0.2931145429611206,0.28753289580345154,0.3626897931098938
SCH_003,CLS_0196,P001572,0.30939868092536926,0.2844234108924866,0.36113032698631287
SCH_003,CLS_0196,P002046,0.28191840648651123,0.28115078806877136,0.35850968956947327
SCH_003,CLS_0196,P002540,0.3686089813709259,0.3507262170314789,0.3946637809276581
SCH_003,CLS_0196,P003349,0.2790917754173279,0.280183345079422,0.3619956076145172
SCH_003,CLS_0196,P006973,0.28438475728034973,0.28015071153640747,0.3660101294517517
SCH_003,CLS_0207,P000201,0.30515187978744507,0.2973885238170624,0.37321269512176514
SCH_003,CLS_0207,P000392,0.37151038646698,0.40895748138427734,0.4374985694885254
SCH_003,CLS_0207,P000931,0.32361018657684326,0.3446153998374939,0.4026781916618347
SCH_003,CLS_0207,P001417,0.2903926372528076,0.28937187790870667,0.3628288209438324
SCH_003,CLS_0207,P003113,0.2994215786457062,0.2947797179222107,0.3602070212364197
SCH_003,CLS_0207,P003382,0.31084442138671875,0.2849760949611664,0.41379156708717346
SCH_003,CLS_0207,P003402,0.2994556427001953,0.28914883732795715,0.3656039834022522
SCH_003,CLS_0207,P005035,0.30258244276046753,0.3203786015510559,0.38232114911079407
SCH_003,CLS_0207,P005168,0.3005419075489044,0.28424519300460815,0.3625091314315796
SCH_003,CLS_0207,P005338,0.32957735657691956,0.37475088238716125,0.3825923502445221
SCH_003,CLS_0207,P006972,0.3320050835609436,0.28491711616516113,0.40000489354133606
SCH_003,CLS_0207,P007647,0.2873801290988922,0.2827110290527344,0.3836473226547241
SCH_003,CLS_0228,P002238,0.299094021320343,0.2878537178039551,0.3813531994819641
SCH_003,CLS_0228,P002291,0.293180376291275,0.2899250388145447,0.3614509701728821
SCH_003,CLS_0228,P003849,0.2876833379268646,0.2878493666648865,0.3582717180252075
SCH_003,CLS_0228,P004702,0.29430100321769714,0.29831305146217346,0.3669518530368805
SCH_003,CLS_0228,P005241,0.29469072818756104,0.2884570360183716,0.3631116449832916
SCH_003,CLS_0228,P005304,0.30898621678352356,0.2847657799720764,0.42766693234443665
SCH_003,CLS_0228,P006975,0.2857077717781067,0.28841280937194824,0.3584420084953308
SCH_003,CLS_0228,P007451,0.293315052986145,0.29283034801483154,0.3641698658466339
SCH_003,CLS_0228,P007477,0.32382112741470337,0.2861061692237854,0.42731618881225586
SCH_003,CLS_0240,P000814,0.2862915098667145,0.28488439321517944,0.36296820640563965
SCH_003,CLS_0240,P000865,0.28993096947669983,0.28550952672958374,0.36711356043815613
SCH_003,CLS_0240,P001542,0.2915014624595642,0.2860966920852661,0.36820903420448303
SCH_003,CLS_0240,P001788,0.3028836250305176,0.2868248522281647,0.3940637707710266
SCH_003,CLS_0240,P002541,0.2866148352622986,0.28714755177497864,0.3628730773925781
SCH_003,CLS_0240,P003482,0.3011569082736969,0.28486838936805725,0.40206578373908997
SCH_003,CLS_0240,P003607,0.29370754957199097,0.28756842017173767,0.3578546941280365
SCH_003,CLS_0240,P006506,0.28985247015953064,0.2889288067817688,0.3590319752693176
SCH_004,CLS_0007,P000075,0.4469459056854248,0.38908496499061584,0.44439584016799927
SCH_004,CLS_0007,P000107,0.40517285466194153,0.40704190731048584,0.42062118649482727
SCH_004,CLS_0007,P001326,0.43689966201782227,0.46134665608406067,0.4393284320831299
SCH_004,CLS_0007,P006546,0.41138437390327454,0.43200406432151794,0.4251709282398224
SCH_004,CLS_0007,P006961,0.4593065679073334,0.4687979221343994,0.45950594544410706
SCH_004,CLS_0012,P000484,0.4306611716747284,0.47181209921836853,0.45515426993370056
SCH_004,CLS_0012,P002730,0.4013376235961914,0.41628625988960266,0.4210050404071808
SCH_004,CLS_0012,P002751,0.43863892555236816,0.4103289842605591,0.4323514401912689
SCH_004,CLS_0012,P006255,0.48672589659690857,0.45953693985939026,0.4669751524925232
SCH_004,CLS_0017,P002118,0.42084455490112305,0.4178420901298523,0.4215419888496399
SCH_004,CLS_0017,P002519,0.41851478815078735,0.4271441102027893,0.4143901765346527
SCH_004,CLS_0017,P003791,0.3882805109024048,0.3432416021823883,0.4048066735267639
SCH_004,CLS_0017,P007753,0.4691424071788788,0.4581955671310425,0.45250049233436584
SCH_004,CLS_0051,P001221,0.534264862537384,0.5135785937309265,0.49390551447868347
SCH_004,CLS_0051,P006602,0.48368772864341736,0.47501417994499207,0.46727609634399414
SCH_004,CLS_0068,P001774,0.5051348209381104,0.49379056692123413,0.4926833510398865
SCH_004,CLS_0068,P003277,0.5053454637527466,0.4932876527309418,0.48767927289009094
SCH_004,CLS_0068,P004176,0.4517994821071625,0.4315451681613922,0.4340314269065857
SCH_004,CLS_0068,P004817,0.3172420561313629,0.3439588248729706,0.36268123984336853
SCH_004,CLS_0068,P005907,0.40095198154449463,0.43892738223075867,0.42396122217178345
SCH_004,CLS_0149,P001771,0.42288103699684143,0.4160122871398926,0.43337780237197876
SCH_004,CLS_0149,P005119,0.4762229919433594,0.473976731300354,0.454108327627182
SCH_004,CLS_0149,P006050,0.38540661334991455,0.3698350489139557,0.40002262592315674
SCH_004,CLS_0149,P007733,0.4760100543498993,0.4384627938270569,0.45562744140625
SCH_004,CLS_0208,P002824,0.3889407515525818,0.37868741154670715,0.40345069766044617
SCH_004,CLS_0208,P004249,0.40719515085220337,0.41863131523132324,0.4218008816242218
SCH_004,CLS_0208,P005026,0.5908771753311157,0.5594537258148193,0.5372347235679626
SCH_004,CLS_0208,P006502,0.37962785363197327,0.4276253581047058,0.45791375637054443
SCH_004,CLS_0208,P006905,0.5215818285942078,0.5067887902259827,0.4795592725276947
SCH_004,CLS_0218,P002387,0.4162586033344269,0.4270939230918884,0.43265536427497864
SCH_004,CLS_0218,P002944,0.43913722038269043,0.42058253288269043,0.4395723044872284
SCH_005,CLS_0001,P001722,0.5698190927505493,0.5821756720542908,0.5222553014755249
SCH_005,CLS_0001,P001778,0.5610579252243042,0.560604453086853,0.5141571760177612
SCH_005,CLS_0001,P002035,0.7607077956199646,0.7365220785140991,0.6713918447494507
SCH_005,CLS_0001,P006544,0.5491860508918762,0.5372729897499084,0.5166670680046082
SCH_005,CLS_0001,P007272,0.6077946424484253,0.6206175684928894,0.5639342069625854
SCH_005,CLS_0001,P007495,0.5727938413619995,0.5939264893531799,0.5219591856002808
SCH_005,CLS_0050,P000985,0.5691266655921936,0.5914681553840637,0.5229867696762085
SCH_005,CLS_0050,P001048,0.5481837391853333,0.5796442627906799,0.512245237827301
SCH_005,CLS_0050,P001120,0.6042731404304504,0.600061297416687,0.5351917743682861
SCH_005,CLS_0050,P002097,0.5468240976333618,0.5383948683738708,0.5030224323272705
SCH_005,CLS_0050,P002155,0.5401087403297424,0.5515331029891968,0.5137922763824463
SCH_005,CLS_0050,P003304,0.5686531662940979,0.5925042033195496,0.5325417518615723
SCH_005,CLS_0050,P005053,0.6508850455284119,0.6436227560043335,0.5739210247993469
SCH_005,CLS_0050,P005743,0.5454584956169128,0.564167320728302,0.5075290203094482
SCH_005,CLS_0050,P006166,0.5302854180335999,0.529488742351532,0.5027299523353577
SCH_005,CLS_0050,P006873,0.5662670731544495,0.585104763507843,0.5266573429107666
SCH_005,CLS_0063,P000935,0.6072714328765869,0.6193382740020752,0.5507411360740662
SCH_005,CLS_0063,P003733,0.5788328051567078,0.5810686349868774,0.5249235033988953
SCH_005,CLS_0063,P004124,0.5423699617385864,0.5438672304153442,0.5080422759056091
SCH_005,CLS_0067,P002790,0.6479383111000061,0.6227631568908691,0.578787624835968
SCH_005,CLS_0067,P005601,0.5605267286300659,0.5710080862045288,0.5442551374435425
SCH_005,CLS_0067,P005824,0.5280923247337341,0.5117601156234741,0.49367573857307434
SCH_005,CLS_0067,P006136,0.6128138899803162,0.6127259135246277,0.5547175407409668
SCH_005,CLS_0067,P006419,0.5856541395187378,0.5971606373786926,0.5334140062332153
SCH_005,CLS_0067,P006837,0.5466867089271545,0.5748081207275391,0.5279192328453064
SCH_005,CLS_0067,P006963,0.5289572477340698,0.5401856899261475,0.48724132776260376
SCH_005,CLS_0069,P001176,0.5613054633140564,0.5331591963768005,0.5035510659217834
SCH_005,CLS_0069,P003505,0.6733884215354919,0.6273351907730103,0.6009232997894287
SCH_005,CLS_0069,P003509,0.5717785954475403,0.5762398838996887,0.526741623878479
SCH_005,CLS_0069,P004122,0.5471419095993042,0.5537611842155457,0.49684229493141174
SCH_005,CLS_0069,P004775,0.5363945960998535,0.5618827939033508,0.49397364258766174
SCH_005,CLS_0069,P004993,0.5240873694419861,0.5467726588249207,0.50291508436203
SCH_005,CLS_0069,P005812,0.5670753717422485,0.5492657423019409,0.5180322527885437
SCH_005,CLS_0069,P006398,0.5129355192184448,0.4851459264755249,0.4768735468387604
SCH_005,CLS_0070,P002019,0.5281128287315369,0.5579257011413574,0.5071231722831726
SCH_005,CLS_0070,P003497,0.504353404045105,0.5165476202964783,0.4627612233161926
SCH_005,CLS_0070,P003669,0.5186191201210022,0.506568193435669,0.48038819432258606
SCH_005,CLS_0070,P004451,0.5342928767204285,0.5455606579780579,0.5199496150016785
SCH_005,CLS_0070,P004585,0.5203635692596436,0.5280070900917053,0.48460161685943604
SCH_005,CLS_0070,P004705,0.6219159960746765,0.6194305419921875,0.5555338859558105
SCH_005,CLS_0070,P006447,0.5343626141548157,0.5431080460548401,0.49529707431793213
SCH_005,CLS_0074,P001789,0.6682103872299194,0.6539338231086731,0.585608184337616
SCH_005,CLS_0074,P002872,0.6565253734588623,0.6609079837799072,0.580211877822876
SCH_005,CLS_0074,P003173,0.5660744309425354,0.5925745368003845,0.5380265116691589
SCH_005,CLS_0074,P003537,0.5329201817512512,0.5351842045783997,0.49739956855773926
SCH_005,CLS_0074,P004524,0.6408094167709351,0.6349797248840332,0.5628345608711243
SCH_005,CLS_0074,P006161,0.5685611963272095,0.5943177342414856,0.5270062685012817
SCH_005,CLS_0074,P006612,0.7564077973365784,0.7328384518623352,0.6648450493812561
SCH_005,CLS_0074,P006830,0.5912919640541077,0.5909591317176819,0.5359194874763489
SCH_005,CLS_0081,P001193,0.5394799113273621,0.5384979844093323,0.4942941665649414
SCH_005,CLS_0081,P001638,0.612040638923645,0.6308101415634155,0.5510578155517578
SCH_005,CLS_0081,P002910,0.62177973985672,0.6252038478851318,0.5583083629608154
SCH_005,CLS_0081,P003346,0.5858829021453857,0.5939618945121765,0.5351016521453857
SCH_005,CLS_0081,P004331,0.7303413152694702,0.7166851758956909,0.6405197381973267
SCH_005,CLS_0081,P005583,0.52481609582901,0.5343989729881287,0.5124236345291138
SCH_005,CLS_0081,P006116,0.5474636554718018,0.5594931840896606,0.515735924243927
SCH_005,CLS_0081,P006464,0.5647696852684021,0.5909882187843323,0.5229535698890686
SCH_005,CLS_0081,P006880,0.5200276970863342,0.524974524974823,0.4920283555984497
SCH_005,CLS_0081,P007472,0.6491498351097107,0.6188275814056396,0.5735947489738464
SCH_005,CLS_0084,P000236,0.6247827410697937,0.637998104095459,0.5584685802459717
SCH_005,CLS_0084,P001095,0.5413840413093567,0.570012092590332,0.506216824054718
SCH_005,CLS_0084,P001437,0.5371667146682739,0.5695602297782898,0.5079580545425415
SCH_005,CLS_0084,P002559,0.5570583343505859,0.5821129679679871,0.5177918076515198
SCH_005,CLS_0084,P003478,0.5881593823432922,0.6193286180496216,0.550377368927002
SCH_005,CLS_0084,P004307,0.5314400792121887,0.5315585732460022,0.48956820368766785
SCH_005,CLS_0084,P005028,0.6899580955505371,0.6869913339614868,0.6124789118766785
SCH_005,CLS_0084,P005753,0.7172864675521851,0.7090778350830078,0.6266642808914185
SCH_005,CLS_0084,P007362,0.5150609016418457,0.5208929181098938,0.48992758989334106
SCH_005,CLS_0086,P001312,0.6316279768943787,0.6343194246292114,0.5630669593811035
SCH_005,CLS_0086,P004227,0.5319193601608276,0.5356827974319458,0.49838778376579285
SCH_005,CLS_0086,P004657,0.5294399261474609,0.5317820906639099,0.4956526458263397
SCH_005,CLS_0091,P000953,0.5305812954902649,0.5266464948654175,0.49326810240745544
SCH_005,CLS_0107,P000537,0.6183667778968811,0.6039810180664062,0.5520668029785156
SCH_005,CLS_0107,P001935,0.5156174898147583,0.5294349789619446,0.5027660727500916
SCH_005,CLS_0107,P002328,0.5423358082771301,0.5579733848571777,0.5073140859603882
SCH_005,CLS_0107,P002664,0.5504290461540222,0.5665556192398071,0.5180424451828003
SCH_005,CLS_0107,P003984,0.5255897641181946,0.5129872560501099,0.5218828320503235
SCH_005,CLS_0107,P004619,0.6236431002616882,0.6414623260498047,0.5642732381820679
SCH_005,CLS_0107,P007584,0.5406243801116943,0.5699427127838135,0.5069106221199036
SCH_005,CLS_0134,P007499,0.5197173357009888,0.5285179018974304,0.4843047559261322
SCH_005,CLS_0148,P000066,0.5038056373596191,0.5289795398712158,0.4831116795539856
SCH_005,CLS_0148,P000342,0.5161676406860352,0.5339243412017822,0.47830289602279663
SCH_005,CLS_0148,P000706,0.6705257296562195,0.648881196975708,0.5922609567642212
SCH_005,CLS_0148,P001078,0.5222917199134827,0.5410293340682983,0.483711838722229
SCH_005,CLS_0148,P001275,0.6409106850624084,0.6066504716873169,0.5668494701385498
SCH_005,CLS_0148,P001286,0.5277284383773804,0.5362939834594727,0.5029656291007996
SCH_005,CLS_0148,P003539,0.5207570791244507,0.5224234461784363,0.483040452003479
SCH_005,CLS_0148,P006143,0.6368182301521301,0.6537232995033264,0.578144371509552
SCH_005,CLS_0148,P006415,0.5363286137580872,0.5636465549468994,0.497803658246994
SCH_005,CLS_0148,P007326,0.5460966229438782,0.5563775897026062,0.5033003091812134
SCH_005,CLS_0152,P001187,0.6573923230171204,0.6467021703720093,0.5839207172393799
SCH_005,CLS_0152,P005740,0.5209976434707642,0.5117420554161072,0.47740259766578674
SCH_005,CLS_0152,P006726,0.6128871440887451,0.6092749834060669,0.5560503005981445
SCH_005,CLS_0152,P007645,0.6452343463897705,0.6307511329650879,0.570221483707428
SCH_005,CLS_0152,P007720,0.5782391428947449,0.5957260727882385,0.5288739800453186
SCH_005,CLS_0156,P001311,0.4528810679912567,0.4640250504016876,0.4466061592102051
SCH_005,CLS_0156,P001783,0.5853561758995056,0.5768128037452698,0.5491606593132019
SCH_005,CLS_0156,P002817,0.7180465459823608,0.684801459312439,0.6377220749855042
SCH_005,CLS_0156,P003468,0.7121952176094055,0.6657077074050903,0.6362380385398865
SCH_005,CLS_0156,P003585,0.5294246673583984,0.5168436765670776,0.4853026568889618
SCH_005,CLS_0156,P003590,0.49659353494644165,0.48354142904281616,0.4797862768173218
SCH_005,CLS_0156,P004618,0.6758707165718079,0.6465835571289062,0.5907878279685974
SCH_005,CLS_0156,P005624,0.5021310448646545,0.48956796526908875,0.47864529490470886
SCH_005,CLS_0156,P005912,0.5059764385223389,0.5318318605422974,0.4870772361755371
SCH_005,CLS_0156,P006761,0.6455564498901367,0.6370753645896912,0.572605311870575
SCH_005,CLS_0156,P007413,0.4358304440975189,0.4281598925590515,0.42161890864372253
SCH_005,CLS_0177,P000041,0.5514143705368042,0.5678829550743103,0.5029992461204529
SCH_005,CLS_0177,P000144,0.7447939515113831,0.6946306228637695,0.668348491191864
SCH_005,CLS_0177,P000492,0.6539444923400879,0.6368500590324402,0.5752242803573608
SCH_005,CLS_0177,P000703,0.5729982256889343,0.5676461458206177,0.5511849522590637
SCH_005,CLS_0177,P002893,0.489081472158432,0.484795480966568,0.4660705327987671
SCH_005,CLS_0177,P003516,0.5316528081893921,0.5445254445075989,0.5133936405181885
SCH_005,CLS_0177,P003980,0.5483817458152771,0.5681552290916443,0.5157390832901001
SCH_005,CLS_0177,P004649,0.5633533596992493,0.5920162200927734,0.5249556303024292
SCH_005,CLS_0177,P005409,0.5456111431121826,0.557035505771637,0.5145792365074158
SCH_005,CLS_0177,P006031,0.5496519207954407,0.5638121962547302,0.5122036933898926
SCH_005,CLS_0177,P007079,0.6627849340438843,0.5771113038063049,0.597611129283905
SCH_005,CLS_0184,P002443,0.5163758993148804,0.520009458065033,0.48071426153182983
SCH_005,CLS_0187,P000052,0.6040558218955994,0.6170442700386047,0.5507060885429382
SCH_005,CLS_0187,P000674,0.5139517188072205,0.5356462001800537,0.47761499881744385
SCH_005,CLS_0187,P002278,0.5399259924888611,0.5440771579742432,0.49404969811439514
SCH_005,CLS_0187,P004253,0.6674081683158875,0.666260838508606,0.5871785879135132
SCH_005,CLS_0187,P005037,0.5084542632102966,0.5057185292243958,0.47710299491882324
SCH_005,CLS_0187,P005268,0.5158106684684753,0.5588758587837219,0.529811441898346
SCH_005,CLS_0187,P005694,0.5800753235816956,0.5922228693962097,0.5378837585449219
SCH_005,CLS_0187,P005923,0.5662979483604431,0.5858772397041321,0.5253069400787354
SCH_005,CLS_0187,P006300,0.5265170931816101,0.5558162927627563,0.4894722104072571
SCH_005,CLS_0187,P007299,0.548870325088501,0.5728797316551208,0.5079411864280701
SCH_005,CLS_0187,P007764,0.5257630944252014,0.5450620055198669,0.4909753203392029
SCH_005,CLS_0188,P000284,0.5072673559188843,0.519108772277832,0.4690014719963074
SCH_005,CLS_0188,P000714,0.611558735370636,0.6085423827171326,0.5468713045120239
SCH_005,CLS_0188,P001945,0.6299733519554138,0.6514022350311279,0.5658258199691772
SCH_005,CLS_0188,P002015,0.6445887088775635,0.6454419493675232,0.6032787561416626
SCH_005,CLS_0188,P003850,0.5739572048187256,0.5763908624649048,0.5244953632354736
SCH_005,CLS_0188,P004848,0.6553545594215393,0.6226860284805298,0.5850920677185059
SCH_005,CLS_0188,P005908,0.7000831365585327,0.662964403629303,0.6192400455474854
SCH_005,CLS_0188,P005917,0.597839891910553,0.5626651644706726,0.5377228856086731
SCH_005,CLS_0188,P006135,0.5506976246833801,0.5707340240478516,0.531987190246582
SCH_005,CLS_0188,P006552,0.5674400329589844,0.5671351552009583,0.5200250744819641
SCH_005,CLS_0188,P007069,0.476293683052063,0.5084116458892822,0.4781612753868103
SCH_005,CLS_0199,P000178,0.7209632396697998,0.6887254118919373,0.6367804408073425
SCH_005,CLS_0199,P001535,0.6403939127922058,0.6451040506362915,0.576012134552002
SCH_005,CLS_0199,P002892,0.605969250202179,0.6278260946273804,0.5472290515899658
SCH_005,CLS_0199,P004063,0.5796289443969727,0.5974122881889343,0.5422413349151611
SCH_005,CLS_0199,P004624,0.498410165309906,0.5007054209709167,0.4786677956581116
SCH_005,CLS_0199,P005817,0.6835106015205383,0.6464788913726807,0.6040391325950623
SCH_005,CLS_0199,P007030,0.5049742460250854,0.5112375020980835,0.4662182033061981
SCH_005,CLS_0199,P007213,0.545488178730011,0.544605016708374,0.5114606618881226
SCH_005,CLS_0211,P001126,0.5425090193748474,0.5470196604728699,0.4946339428424835
SCH_005,CLS_0211,P003193,0.5440670847892761,0.5600770711898804,0.5187963843345642
SCH_005,CLS_0211,P003338,0.7014884352684021,0.6738917231559753,0.6220144629478455
SCH_005,CLS_0211,P003915,0.5602383613586426,0.5911179184913635,0.5226713418960571
SCH_005,CLS_0211,P004116,0.5521731376647949,0.5650249719619751,0.5156359076499939
SCH_005,CLS_0211,P007089,0.5991138815879822,0.6192688345909119,0.546488881111145
SCH_005,CLS_0211,P007619,0.626818060874939,0.6282994151115417,0.5565637350082397
SCH_005,CLS_0211,P007772,0.5201780796051025,0.5238866806030273,0.47817593812942505
SCH_005,CLS_0212,P001597,0.5376173853874207,0.532356858253479,0.5104821920394897
SCH_005,CLS_0212,P003066,0.555653989315033,0.5728291273117065,0.5179701447486877
SCH_005,CLS_0212,P003145,0.5473310351371765,0.5672988891601562,0.5214149951934814
SCH_005,CLS_0212,P005797,0.531424880027771,0.5464743971824646,0.5140824317932129
SCH_005,CLS_0212,P006078,0.5003196001052856,0.45513126254081726,0.4685026705265045
SCH_005,CLS_0212,P007186,0.5122736096382141,0.5392196178436279,0.49640774726867676
SCH_005,CLS_0212,P007215,0.5611066222190857,0.5741843581199646,0.5335212349891663
SCH_005,CLS_0212,P007652,0.5470933318138123,0.562917947769165,0.5103355050086975
SCH_005,CLS_0213,P000174,0.796743631362915,0.7669935822486877,0.7011055946350098
SCH_005,CLS_0213,P000570,0.576998770236969,0.5852790474891663,0.5474296808242798
SCH_005,CLS_0213,P001151,0.6134325265884399,0.6420486569404602,0.5739344954490662
SCH_005,CLS_0213,P002086,0.5389265418052673,0.5610166192054749,0.5273053050041199
SCH_005,CLS_0213,P002571,0.5783215761184692,0.5896623134613037,0.5330731272697449
SCH_005,CLS_0213,P007616,0.6689642071723938,0.6511122584342957,0.5937269926071167
SCH_005,CLS_0219,P000712,0.5725338459014893,0.5878917574882507,0.5291088223457336
SCH_005,CLS_0219,P000744,0.6755045652389526,0.66080641746521,0.5968379974365234
SCH_005,CLS_0219,P000762,0.5416164994239807,0.5579122304916382,0.5024442076683044
SCH_005,CLS_0219,P001365,0.5656106472015381,0.5808430314064026,0.5429062843322754
SCH_005,CLS_0219,P001531,0.6118679046630859,0.6182486414909363,0.5525670647621155
SCH_005,CLS_0219,P003891,0.6123356819152832,0.6087119579315186,0.5570605993270874
SCH_005,CLS_0219,P004112,0.7003285884857178,0.6798712015151978,0.6257597208023071
SCH_005,CLS_0219,P004654,0.5550529360771179,0.5711835026741028,0.5174109935760498
SCH_005,CLS_0219,P005104,0.46308398246765137,0.5148308277130127,0.4839482605457306
SCH_005,CLS_0219,P005555,0.5170037150382996,0.5280621647834778,0.5051421523094177
SCH_005,CLS_0222,P000453,0.5811152458190918,0.5839182138442993,0.5402756333351135
SCH_005,CLS_0222,P002636,0.5280141234397888,0.5141195058822632,0.4887412488460541
SCH_005,CLS_0222,P002667,0.5048826932907104,0.5317108631134033,0.4938395917415619
SCH_005,CLS_0222,P004212,0.49286791682243347,0.5117173790931702,0.4661213457584381
SCH_005,CLS_0222,P004248,0.5628050565719604,0.5565150380134583,0.5285055637359619
SCH_005,CLS_0222,P005521,0.5113282799720764,0.5443514585494995,0.5105828642845154
SCH_005,CLS_0222,P006458,0.4940249025821686,0.5009939670562744,0.4682943820953369
SCH_005,CLS_0222,P006555,0.6308314800262451,0.6605638861656189,0.5781359672546387
SCH_005,CLS_0224,P000916,0.7598705887794495,0.7420770525932312,0.6715989112854004
SCH_005,CLS_0224,P002048,0.61405348777771,0.6044684052467346,0.5479989051818848
SCH_005,CLS_0224,P003108,0.563107430934906,0.5660508871078491,0.5343105792999268
SCH_005,CLS_0224,P003472,0.5585910081863403,0.5965709090232849,0.5382731556892395
SCH_005,CLS_0224,P004189,0.5838247537612915,0.6060144901275635,0.5514286160469055
SCH_005,CLS_0224,P004898,0.6445621848106384,0.6402855515480042,0.571835994720459
SCH_005,CLS_0224,P005133,0.5848256945610046,0.6050819158554077,0.5318037867546082
SCH_005,CLS_0224,P005303,0.5246983170509338,0.5329744219779968,0.4937204122543335
SCH_005,CLS_0224,P006413,0.7291249632835388,0.6946077346801758,0.6400426030158997
SCH_005,CLS_0224,P007421,0.61859130859375,0.6350855827331543,0.5683431029319763
SCH_005,CLS_0231,P000939,0.6479353904724121,0.6439424157142639,0.5717706084251404
SCH_005,CLS_0231,P000960,0.7102270722389221,0.6558369398117065,0.6330599784851074
SCH_005,CLS_0231,P001684,0.6282974481582642,0.6024329662322998,0.5591384768486023
SCH_005,CLS_0231,P005006,0.5207530856132507,0.5322079062461853,0.49726971983909607
SCH_005,CLS_0231,P006262,0.4084561765193939,0.4156695008277893,0.42547115683555603
SCH_005,CLS_0231,P006985,0.4106793999671936,0.4184998571872711,0.42431989312171936
SCH_005,CLS_0231,P007226,0.6949933767318726,0.6399096846580505,0.6174002885818481
SCH_005,CLS_0231,P007243,0.7290865778923035,0.6840975284576416,0.6343356370925903
SCH_005,CLS_0233,P001729,0.5539683103561401,0.5665637850761414,0.5096343755722046
SCH_005,CLS_0233,P004667,0.6538734436035156,0.6569154262542725,0.5892449617385864
SCH_005,CLS_0233,P005764,0.6022136211395264,0.600358784198761,0.5445902347564697
SCH_005,CLS_0235,P000681,0.5511322617530823,0.5740252733230591,0.5107820630073547
SCH_005,CLS_0235,P001259,0.55538010597229,0.5546519160270691,0.501226007938385
SCH_005,CLS_0235,P001647,0.6786379814147949,0.6657112836837769,0.5933708548545837
SCH_005,CLS_0235,P002352,0.5785379409790039,0.6045081615447998,0.533065140247345
SCH_005,CLS_0235,P004483,0.5324579477310181,0.5429551601409912,0.506479024887085
SCH_005,CLS_0235,P004851,0.5311002731323242,0.5631125569343567,0.5171930193901062
SCH_005,CLS_0235,P005150,0.4259662628173828,0.4756273925304413,0.4584338665008545
SCH_005,CLS_0235,P005829,0.6000609397888184,0.6095887422561646,0.5456666946411133
SCH_005,CLS_0235,P007511,0.6495038866996765,0.6452935934066772,0.5726648569107056
SCH_005,CLS_0238,P001183,0.5395508408546448,0.5321359634399414,0.49579888582229614
SCH_005,CLS_0238,P001470,0.6057516932487488,0.6078513860702515,0.5480890274047852
SCH_005,CLS_0238,P001500,0.5027722716331482,0.5187471508979797,0.4926410913467407
SCH_005,CLS_0238,P004098,0.6549134254455566,0.645246684551239,0.5769767165184021
SCH_005,CLS_0238,P005533,0.550480842590332,0.5723233819007874,0.5222029685974121
SCH_005,CLS_0238,P005637,0.6233658194541931,0.6091058254241943,0.5572168827056885
SCH_005,CLS_0238,P007160,0.5569508075714111,0.5724916458129883,0.5311358571052551
SCH_005,CLS_0250,P000004,0.6419222950935364,0.6455318331718445,0.5774410963058472
SCH_005,CLS_0250,P000074,0.6930341124534607,0.690621018409729,0.6202090978622437
SCH_005,CLS_0250,P003608,0.5704247355461121,0.5928559303283691,0.5297195911407471
SCH_005,CLS_0250,P004362,0.6219936609268188,0.6284764409065247,0.5707293748855591
SCH_006,CLS_0002,P004383,0.45456263422966003,0.4259289801120758,0.4413352906703949
SCH_006,CLS_0002,P007249,0.4132889211177826,0.4667762517929077,0.43975791335105896
SCH_006,CLS_0006,P000617,0.4826911389827728,0.5184481143951416,0.4859987199306488
SCH_006,CLS_0006,P001155,0.3388124108314514,0.35241448879241943,0.38510966300964355
SCH_006,CLS_0006,P002676,0.4960361421108246,0.4966129958629608,0.45975980162620544
SCH_006,CLS_0006,P004788,0.6114270687103271,0.5758975744247437,0.5445150136947632
SCH_006,CLS_0010,P001759,0.5472728610038757,0.5036376714706421,0.4978683590888977
SCH_006,CLS_0010,P002614,0.5467454195022583,0.5543760061264038,0.5257993936538696
SCH_006,CLS_0010,P003118,0.5475584864616394,0.5570666790008545,0.5096125602722168
SCH_006,CLS_0010,P003925,0.5004459619522095,0.49884212017059326,0.47063374519348145
SCH_006,CLS_0010,P005451,0.4974992871284485,0.4713822901248932,0.47407183051109314
SCH_006,CLS_0010,P006553,0.4713250696659088,0.4954187273979187,0.4669061005115509
SCH_006,CLS_0010,P006611,0.5990805625915527,0.5754173398017883,0.5393028855323792
SCH_006,CLS_0018,P000513,0.3396335542201996,0.3473220467567444,0.3936905264854431
SCH_006,CLS_0020,P002758,0.4125235974788666,0.4161599576473236,0.4274998903274536
SCH_006,CLS_0020,P004091,0.5081760883331299,0.5073341131210327,0.4874393939971924
SCH_006,CLS_0020,P005263,0.4485021233558655,0.4275026321411133,0.43361833691596985
SCH_006,CLS_0020,P005595,0.5794583559036255,0.5802549719810486,0.5385013818740845
SCH_006,CLS_0025,P004629,0.3739752769470215,0.4185428321361542,0.41263702511787415
SCH_006,CLS_0025,P004659,0.4795852601528168,0.44303634762763977,0.4473809599876404
SCH_006,CLS_0026,P000607,0.34719595313072205,0.3695460557937622,0.416189044713974
SCH_006,CLS_0026,P001381,0.554094135761261,0.5592452883720398,0.5163055062294006
SCH_006,CLS_0026,P003204,0.5216001868247986,0.5409076809883118,0.5103976726531982
SCH_006,CLS_0026,P004818,0.5818842649459839,0.5550498366355896,0.5201619267463684
SCH_006,CLS_0026,P005388,0.4472525417804718,0.4380561113357544,0.44713324308395386
SCH_006,CLS_0026,P006752,0.48696187138557434,0.4561418890953064,0.45323875546455383
SCH_006,CLS_0027,P000104,0.47833725810050964,0.43358930945396423,0.44608286023139954
SCH_006,CLS_0027,P000720,0.4156375527381897,0.39806127548217773,0.4082585573196411
SCH_006,CLS_0027,P003679,0.46536386013031006,0.47166237235069275,0.44389206171035767
SCH_006,CLS_0027,P003773,0.5221373438835144,0.49156880378723145,0.47781994938850403
SCH_006,CLS_0027,P004912,0.4648888111114502,0.41745075583457947,0.4461609125137329
SCH_006,CLS_0027,P005047,0.41358765959739685,0.39696264266967773,0.42282482981681824
SCH_006,CLS_0027,P005371,0.3819997012615204,0.3609243333339691,0.40149977803230286
SCH_006,CLS_0027,P005513,0.466977596282959,0.48649725317955017,0.4778915345668793
SCH_006,CLS_0027,P005978,0.3834981322288513,0.3516504764556885,0.4006681442260742
SCH_006,CLS_0027,P006296,0.5012204051017761,0.5032939910888672,0.4905003011226654
SCH_006,CLS_0027,P006823,0.5244997143745422,0.5334814786911011,0.5053585171699524
SCH_006,CLS_0031,P003121,0.44902923703193665,0.410399466753006,0.4374837875366211
SCH_006,CLS_0031,P004906,0.5097940564155579,0.46394485235214233,0.4826350808143616
SCH_006,CLS_0031,P006323,0.44329172372817993,0.43310657143592834,0.44417643547058105
SCH_006,CLS_0031,P007646,0.4530302882194519,0.4357791841030121,0.44382956624031067
SCH_006,CLS_0044,P002346,0.3078322112560272,0.31579089164733887,0.36885738372802734
SCH_006,CLS_0044,P005687,0.4287382960319519,0.48894941806793213,0.47059816122055054
SCH_006,CLS_0056,P000059,0.48680582642555237,0.46457692980766296,0.46234130859375
SCH_006,CLS_0071,P003636,0.3443823754787445,0.40542179346084595,0.35585033893585205
SCH_006,CLS_0098,P002136,0.3980085849761963,0.3749793767929077,0.41363584995269775
SCH_006,CLS_0098,P002922,0.35400983691215515,0.34849947690963745,0.3902135491371155
SCH_006,CLS_0098,P006349,0.47190308570861816,0.45766541361808777,0.45532742142677307
SCH_006,CLS_0098,P006486,0.5619729161262512,0.560745894908905,0.5209460854530334
SCH_006,CLS_0098,P006630,0.4434545636177063,0.42627719044685364,0.42823630571365356
SCH_006,CLS_0098,P007273,0.5181373357772827,0.5151011943817139,0.4993501901626587
SCH_006,CLS_0098,P007311,0.48143237829208374,0.4878276288509369,0.46568605303764343
SCH_006,CLS_0099,P002186,0.3595398962497711,0.41483834385871887,0.4010715186595917
SCH_006,CLS_0103,P001006,0.3620898127555847,0.37151551246643066,0.408125638961792
SCH_006,CLS_0103,P003284,0.4182961583137512,0.37650418281555176,0.4230581223964691
SCH_006,CLS_0103,P003381,0.5167174935340881,0.511603593826294,0.4928954839706421
SCH_006,CLS_0103,P004570,0.44006088376045227,0.40437981486320496,0.44099074602127075
SCH_006,CLS_0103,P004727,0.4346981346607208,0.40159493684768677,0.4326411783695221
SCH_006,CLS_0103,P005081,0.3598221242427826,0.37466612458229065,0.4033080041408539
SCH_006,CLS_0103,P005529,0.36828315258026123,0.3845890462398529,0.3970883786678314
SCH_006,CLS_0103,P007633,0.617063581943512,0.5731834769248962,0.5561692118644714
SCH_006,CLS_0114,P001280,0.4615422487258911,0.4588700532913208,0.461815744638443
SCH_006,CLS_0114,P001318,0.6156823039054871,0.5899277925491333,0.5465518236160278
SCH_006,CLS_0114,P003218,0.4426819086074829,0.38738197088241577,0.4241983890533447
SCH_006,CLS_0114,P004497,0.4201318621635437,0.39598119258880615,0.42439523339271545
SCH_006,CLS_0114,P005293,0.5263630151748657,0.5473427772521973,0.5013521909713745
SCH_006,CLS_0114,P006188,0.46895653009414673,0.45357194542884827,0.45861342549324036
SCH_006,CLS_0120,P000034,0.6336489319801331,0.6092672348022461,0.5596058368682861
SCH_006,CLS_0120,P001462,0.31859418749809265,0.28430527448654175,0.37062594294548035
SCH_006,CLS_0120,P001793,0.43003585934638977,0.4828245937824249,0.4629708230495453
SCH_006,CLS_0120,P001798,0.3313165605068207,0.33633074164390564,0.39966070652008057
SCH_006,CLS_0120,P003317,0.30493274331092834,0.29479652643203735,0.3671987056732178
SCH_006,CLS_0120,P007053,0.4803568422794342,0.4446445107460022,0.46556252241134644
SCH_006,CLS_0120,P007355,0.386036217212677,0.41833969950675964,0.42583245038986206
SCH_006,CLS_0120,P007549,0.4922339618206024,0.4981273412704468,0.4648306965827942
SCH_006,CLS_0123,P002963,0.4392135441303253,0.39671918749809265,0.44321775436401367
SCH_006,CLS_0123,P005509,0.6143134832382202,0.5652853846549988,0.5547868609428406
SCH_006,CLS_0123,P006182,0.501291036605835,0.5067413449287415,0.4809983968734741
SCH_006,CLS_0133,P000572,0.4171162247657776,0.38862115144729614,0.42392605543136597
SCH_006,CLS_0133,P001273,0.5343905687332153,0.5139135718345642,0.49368804693222046
SCH_006,CLS_0133,P003014,0.5172809958457947,0.5100353360176086,0.4860753118991852
SCH_006,CLS_0133,P005327,0.5231484174728394,0.5188606381416321,0.4854159951210022
SCH_006,CLS_0133,P005695,0.3638063073158264,0.3474082946777344,0.3920614421367645
SCH_006,CLS_0133,P007433,0.49421343207359314,0.5207518935203552,0.49346923828125
SCH_006,CLS_0133,P007590,0.5311249494552612,0.4991205930709839,0.4797825217247009
SCH_006,CLS_0133,P007637,0.4955582022666931,0.4532228708267212,0.46491870284080505
SCH_006,CLS_0139,P002367,0.34488391876220703,0.4020507037639618,0.37443357706069946
SCH_006,CLS_0139,P005647,0.36563998460769653,0.36566129326820374,0.4037662744522095
SCH_006,CLS_0146,P001982,0.38684627413749695,0.35734570026397705,0.4039819538593292
SCH_006,CLS_0146,P003610,0.3777107298374176,0.41640183329582214,0.3885611593723297
SCH_006,CLS_0146,P004084,0.6451607346534729,0.6348338723182678,0.5767567753791809
SCH_006,CLS_0146,P007040,0.5109286904335022,0.48957139253616333,0.48537370562553406
SCH_006,CLS_0234,P002438,0.40621277689933777,0.4048602879047394,0.4147813320159912
SCH_006,CLS_0234,P005365,0.4962196946144104,0.4854542016983032,0.4735393226146698
SCH_006,CLS_0234,P005844,0.47130993008613586,0.479531854391098,0.4570445716381073
SCH_007,CLS_0003,P000630,0.37673336267471313,0.43809792399406433,0.43632298707962036
SCH_007,CLS_0003,P000768,0.34568607807159424,0.3793557584285736,0.4110794961452484
SCH_007,CLS_0003,P002105,0.34097105264663696,0.3763555884361267,0.39613133668899536
SCH_007,CLS_0003,P004970,0.38848212361335754,0.4497392773628235,0.4492293894290924
SCH_007,CLS_0019,P001962,0.41916003823280334,0.48151636123657227,0.4879051446914673
SCH_007,CLS_0019,P002731,0.316556453704834,0.31456395983695984,0.383319616317749
SCH_007,CLS_0019,P005016,0.3841399848461151,0.44091394543647766,0.446990430355072
SCH_007,CLS_0019,P006848,0.3663288354873657,0.3849226236343384,0.41371893882751465
SCH_007,CLS_0019,P007394,0.3408702313899994,0.3059045374393463,0.37606102228164673
SCH_007,CLS_0023,P001905,0.4295084774494171,0.4843848645687103,0.47560033202171326
SCH_007,CLS_0023,P001979,0.41778725385665894,0.4865117073059082,0.47124701738357544
SCH_007,CLS_0023,P002371,0.3405715227127075,0.3606904447078705,0.386949747800827
SCH_007,CLS_0023,P002462,0.36272716522216797,0.3991716504096985,0.41716352105140686
SCH_007,CLS_0023,P002775,0.4012685716152191,0.4604138731956482,0.4536340534687042
SCH_007,CLS_0023,P004871,0.35535794496536255,0.4021051228046417,0.40754374861717224
SCH_007,CLS_0034,P000824,0.34186214208602905,0.37191253900527954,0.39169973134994507
SCH_007,CLS_0034,P001144,0.3836396634578705,0.44539761543273926,0.4409511089324951
SCH_007,CLS_0036,P000843,0.3682991862297058,0.4058234691619873,0.4315435290336609
SCH_007,CLS_0036,P000904,0.35623398423194885,0.394304096698761,0.42213374376296997
SCH_007,CLS_0036,P003228,0.33711323142051697,0.34771665930747986,0.38410699367523193
SCH_007,CLS_0036,P003875,0.3876497149467468,0.4422566890716553,0.4424182176589966
SCH_007,CLS_0036,P003876,0.3478444814682007,0.3739372789859772,0.4004516303539276
SCH_007,CLS_0039,P001084,0.4354373514652252,0.4998847544193268,0.48317405581474304
SCH_007,CLS_0039,P001757,0.38666340708732605,0.44445306062698364,0.4393497109413147
SCH_007,CLS_0039,P003005,0.3322722911834717,0.36925140023231506,0.4080062508583069
SCH_007,CLS_0039,P003567,0.32532578706741333,0.32424238324165344,0.3698625862598419
SCH_007,CLS_0039,P003978,0.38949838280677795,0.4205116331577301,0.42624008655548096
SCH_007,CLS_0039,P004295,0.38193750381469727,0.43567004799842834,0.44218623638153076
SCH_007,CLS_0039,P005111,0.35942164063453674,0.40261417627334595,0.4137518107891083
SCH_007,CLS_0039,P005821,0.39970633387565613,0.469989150762558,0.46562129259109497
SCH_007,CLS_0039,P006326,0.33029937744140625,0.35074475407600403,0.40561044216156006
SCH_007,CLS_0039,P006747,0.40027084946632385,0.40738484263420105,0.4236273467540741
SCH_007,CLS_0039,P006806,0.4268642067909241,0.5102455615997314,0.47223034501075745
SCH_007,CLS_0040,P001361,0.3455788195133209,0.3716071546077728,0.39627352356910706
SCH_007,CLS_0040,P002501,0.34398433566093445,0.3628365993499756,0.4063594341278076
SCH_007,CLS_0040,P003019,0.34096357226371765,0.3541165292263031,0.3928610384464264
SCH_007,CLS_0040,P003055,0.5041570663452148,0.5435292720794678,0.5201467275619507
SCH_007,CLS_0040,P007057,0.41579583287239075,0.474962443113327,0.459268182516098
SCH_007,CLS_0040,P007283,0.581780731678009,0.5981901288032532,0.5507348775863647
SCH_007,CLS_0040,P007314,0.4774973690509796,0.5340346097946167,0.5080280900001526
SCH_007,CLS_0058,P001051,0.39791619777679443,0.46891412138938904,0.46043944358825684
SCH_007,CLS_0058,P001630,0.37994441390037537,0.4450671672821045,0.44119328260421753
SCH_007,CLS_0058,P001727,0.41830629110336304,0.4970562756061554,0.4723633825778961
SCH_007,CLS_0058,P001753,0.37397974729537964,0.4308142364025116,0.43155449628829956
SCH_007,CLS_0058,P002386,0.34377169609069824,0.3690038323402405,0.39145371317863464
SCH_007,CLS_0058,P002679,0.3395918309688568,0.36008012294769287,0.4026203155517578
SCH_007,CLS_0058,P004153,0.36574772000312805,0.40472614765167236,0.4157807230949402
SCH_007,CLS_0058,P004274,0.3966381847858429,0.4713408648967743,0.46014025807380676
SCH_007,CLS_0058,P004473,0.3382796347141266,0.3581387400627136,0.4024403989315033
SCH_007,CLS_0058,P004532,0.43625015020370483,0.5088218450546265,0.49575120210647583
SCH_007,CLS_0058,P004674,0.33793842792510986,0.3503275215625763,0.38417404890060425
SCH_007,CLS_0058,P006328,0.41251131892204285,0.4903424382209778,0.47066280245780945
SCH_007,CLS_0077,P000938,0.4184225797653198,0.4970512092113495,0.4745749235153198
SCH_007,CLS_0077,P002932,0.34175530076026917,0.3655494153499603,0.4068377912044525
SCH_007,CLS_0077,P002955,0.3924058675765991,0.4607144594192505,0.4502153992652893
SCH_007,CLS_0077,P004474,0.3572957515716553,0.3851555585861206,0.40432506799697876
SCH_007,CLS_0077,P004617,0.4614065885543823,0.5453698635101318,0.5070626139640808
SCH_007,CLS_0077,P006978,0.350278377532959,0.35850369930267334,0.39578187465667725
SCH_007,CLS_0082,P000670,0.42214393615722656,0.4800468683242798,0.49499237537384033
SCH_007,CLS_0082,P004809,0.3993939161300659,0.46473416686058044,0.4571022093296051
SCH_007,CLS_0082,P007653,0.35781124234199524,0.3999314606189728,0.41389039158821106
SCH_007,CLS_0101,P001714,0.4040113389492035,0.4728536903858185,0.46052417159080505
SCH_007,CLS_0101,P003650,0.40897664427757263,0.47654756903648376,0.46643999218940735
SCH_007,CLS_0101,P003881,0.37029534578323364,0.42293670773506165,0.44288739562034607
SCH_007,CLS_0101,P003945,0.41766101121902466,0.4895113408565521,0.47997310757637024
SCH_007,CLS_0101,P005703,0.3569483458995819,0.40844231843948364,0.4162750244140625
SCH_007,CLS_0101,P007349,0.34892407059669495,0.37111547589302063,0.3992901146411896
SCH_007,CLS_0106,P002502,0.33716270327568054,0.3576682209968567,0.3946419060230255
SCH_007,CLS_0106,P002618,0.4578140676021576,0.5081121325492859,0.49812260270118713
SCH_007,CLS_0106,P003323,0.351536363363266,0.4138268530368805,0.39245980978012085
SCH_007,CLS_0106,P004932,0.36826229095458984,0.43143153190612793,0.43980029225349426
SCH_007,CLS_0106,P005433,0.40195655822753906,0.418387770652771,0.42543119192123413
SCH_007,CLS_0106,P005834,0.35452693700790405,0.41414543986320496,0.4006301164627075
SCH_007,CLS_0106,P005947,0.39829549193382263,0.41677653789520264,0.4241451919078827
SCH_007,CLS_0106,P007025,0.42819535732269287,0.48719266057014465,0.4717782139778137
SCH_007,CLS_0113,P002991,0.40858253836631775,0.47881707549095154,0.47220316529273987
SCH_007,CLS_0113,P003446,0.4245455861091614,0.5036699175834656,0.481573224067688
SCH_007,CLS_0113,P004511,0.36628928780555725,0.4247795641422272,0.4264353811740875
SCH_007,CLS_0113,P004789,0.3369672894477844,0.3618525266647339,0.3852826952934265
SCH_007,CLS_0113,P005711,0.3506668508052826,0.3926699459552765,0.4064124524593353
SCH_007,CLS_0113,P006710,0.39582768082618713,0.4689668118953705,0.46034735441207886
SCH_007,CLS_0113,P006724,0.3096027970314026,0.2953878939151764,0.370513916015625
SCH_007,CLS_0113,P007567,0.3903452157974243,0.4515624940395355,0.46333280205726624
SCH_007,CLS_0128,P001637,0.37648409605026245,0.4249423146247864,0.4320093095302582
SCH_007,CLS_0128,P003281,0.29868191480636597,0.2973654866218567,0.3648044168949127
SCH_007,CLS_0128,P003546,0.3762049078941345,0.42651867866516113,0.4319300353527069
SCH_007,CLS_0128,P005195,0.42125046253204346,0.49915754795074463,0.47663867473602295
SCH_007,CLS_0128,P005445,0.30213314294815063,0.2946033477783203,0.3573872447013855
SCH_007,CLS_0128,P005668,0.41728678345680237,0.4990273714065552,0.4771081507205963
SCH_007,CLS_0128,P007054,0.37186601758003235,0.42910176515579224,0.461987167596817
SCH_007,CLS_0131,P000695,0.41564491391181946,0.4592435956001282,0.47568032145500183
SCH_007,CLS_0131,P002157,0.41167348623275757,0.4993700683116913,0.47455552220344543
SCH_007,CLS_0131,P002177,0.4312047064304352,0.5106412172317505,0.48594745993614197
SCH_007,CLS_0131,P002212,0.38564008474349976,0.43433117866516113,0.45959287881851196
SCH_007,CLS_0131,P002275,0.3565288186073303,0.4141054153442383,0.4222757816314697
SCH_007,CLS_0131,P002320,0.42766979336738586,0.5036419630050659,0.4847794473171234
SCH_007,CLS_0131,P005936,0.4365854263305664,0.5192797780036926,0.4900048077106476
SCH_007,CLS_0147,P000421,0.41638612747192383,0.48803600668907166,0.4767477810382843
SCH_007,CLS_0147,P001229,0.3457832634449005,0.3637455403804779,0.4077070951461792
SCH_007,CLS_0147,P002020,0.3188174366950989,0.32213592529296875,0.36750727891921997
SCH_007,CLS_0147,P005092,0.42584288120269775,0.5022783279418945,0.46783900260925293
SCH_007,CLS_0147,P007512,0.33455896377563477,0.35589712858200073,0.38745254278182983
SCH_007,CLS_0151,P000253,0.40900295972824097,0.4931808114051819,0.4691987931728363
SCH_007,CLS_0151,P000928,0.3917076885700226,0.45413297414779663,0.45062166452407837
SCH_007,CLS_0151,P001485,0.38088878989219666,0.4472994804382324,0.43839025497436523
SCH_007,CLS_0151,P001998,0.37372174859046936,0.412833571434021,0.4368577003479004
SCH_007,CLS_0151,P002783,0.41100484132766724,0.4841162860393524,0.4742887616157532
SCH_007,CLS_0151,P002842,0.3742074966430664,0.4333808422088623,0.43382424116134644
SCH_007,CLS_0151,P004814,0.42486587166786194,0.5032008290290833,0.48505380749702454
SCH_007,CLS_0151,P005975,0.4169667661190033,0.48433205485343933,0.4832647442817688
SCH_007,CLS_0151,P007473,0.4239159822463989,0.5000577569007874,0.4823813736438751
SCH_007,CLS_0158,P000456,0.38230961561203003,0.4322642385959625,0.43574023246765137
SCH_007,CLS_0158,P000923,0.37581348419189453,0.42926666140556335,0.4369949698448181
SCH_007,CLS_0158,P001154,0.3476076126098633,0.38250941038131714,0.3996839225292206
SCH_007,CLS_0158,P002950,0.35844042897224426,0.40181779861450195,0.41693320870399475
SCH_007,CLS_0158,P003440,0.3997461497783661,0.46976590156555176,0.45826852321624756
SCH_007,CLS_0158,P006027,0.3806435763835907,0.44597113132476807,0.4418327212333679
SCH_007,CLS_0158,P006804,0.34330183267593384,0.36051732301712036,0.3886560797691345
SCH_007,CLS_0158,P007777,0.38946351408958435,0.46669504046440125,0.4520496726036072
SCH_007,CLS_0181,P000659,0.4490920305252075,0.5125316977500916,0.48614856600761414
SCH_007,CLS_0181,P004024,0.41366469860076904,0.45535361766815186,0.45267191529273987
SCH_007,CLS_0181,P006468,0.2933467924594879,0.2939135432243347,0.359790563583374
SCH_007,CLS_0186,P000407,0.34203827381134033,0.37305763363838196,0.39566582441329956
SCH_007,CLS_0186,P001889,0.380168080329895,0.4437020421028137,0.43547523021698
SCH_007,CLS_0186,P002250,0.3037317097187042,0.30236127972602844,0.3711019456386566
SCH_007,CLS_0186,P003769,0.3722236454486847,0.4298914670944214,0.4307660162448883
SCH_007,CLS_0186,P004621,0.39986804127693176,0.46099793910980225,0.4658851623535156
SCH_007,CLS_0186,P005181,0.38428494334220886,0.4434991776943207,0.44328048825263977
SCH_007,CLS_0186,P006358,0.4265894591808319,0.5056858062744141,0.4861851930618286
SCH_007,CLS_0186,P006921,0.3596777021884918,0.4224006235599518,0.39931127429008484
SCH_007,CLS_0186,P007623,0.37612393498420715,0.44337767362594604,0.44639816880226135
SCH_007,CLS_0189,P001408,0.4214620292186737,0.49842947721481323,0.47885286808013916
SCH_007,CLS_0189,P002527,0.3093321919441223,0.30721181631088257,0.37299564480781555
SCH_007,CLS_0189,P002834,0.39319294691085815,0.44870075583457947,0.4440089464187622
SCH_007,CLS_0189,P002879,0.37581685185432434,0.4334617257118225,0.43211397528648376
SCH_007,CLS_0189,P005207,0.4777868092060089,0.5108284950256348,0.5159454941749573
SCH_007,CLS_0189,P006051,0.2949070334434509,0.293990820646286,0.35978996753692627
SCH_007,CLS_0189,P007478,0.3978930711746216,0.4604904055595398,0.4532679319381714
SCH_007,CLS_0194,P002195,0.4928921163082123,0.5301300287246704,0.5043948888778687
SCH_007,CLS_0194,P002341,0.43551936745643616,0.5146556496620178,0.4817662239074707
SCH_007,CLS_0194,P003391,0.4696260988712311,0.5273317098617554,0.4968358278274536
SCH_007,CLS_0194,P003701,0.4880543649196625,0.5447128415107727,0.47784069180488586
SCH_007,CLS_0194,P003856,0.4027300775051117,0.47726666927337646,0.4585252106189728
SCH_007,CLS_0194,P004539,0.3559994101524353,0.35110533237457275,0.3856299817562103
SCH_007,CLS_0194,P004878,0.38780108094215393,0.43403902649879456,0.4397757351398468
SCH_007,CLS_0194,P005968,0.3975440263748169,0.43209224939346313,0.4294652044773102
SCH_007,CLS_0194,P007195,0.38399651646614075,0.447812020778656,0.44619220495224
SCH_007,CLS_0194,P007750,0.46060872077941895,0.4532110393047333,0.5057469010353088
SCH_007,CLS_0195,P004023,0.411664754152298,0.48036378622055054,0.4829956293106079
SCH_007,CLS_0195,P004157,0.3815478980541229,0.44708651304244995,0.44510674476623535
SCH_007,CLS_0195,P005126,0.34230268001556396,0.36833569407463074,0.4115867018699646
SCH_007,CLS_0197,P000836,0.38619643449783325,0.43924030661582947,0.45283588767051697
SCH_007,CLS_0197,P001725,0.36828354001045227,0.42160284519195557,0.4244801104068756
SCH_007,CLS_0197,P005271,0.34273505210876465,0.3628036379814148,0.3886001706123352
SCH_007,CLS_0197,P006675,0.3227144479751587,0.3164884150028229,0.37575191259384155
SCH_007,CLS_0197,P007189,0.4409817159175873,0.5165435075759888,0.4936213493347168
SCH_007,CLS_0225,P001855,0.3382585942745209,0.3468204736709595,0.39937254786491394
SCH_007,CLS_0225,P003223,0.41875335574150085,0.48305484652519226,0.46710988879203796
SCH_007,CLS_0225,P004663,0.42310866713523865,0.4945865869522095,0.47126349806785583
SCH_007,CLS_0225,P006138,0.3414396047592163,0.39091822504997253,0.43600916862487793
SCH_007,CLS_0225,P007562,0.36118388175964355,0.4053024351596832,0.42958104610443115
SCH_007,CLS_0227,P001204,0.36344748735427856,0.42945706844329834,0.4251386523246765
SCH_007,CLS_0227,P001486,0.3829873204231262,0.437076210975647,0.4647403657436371
SCH_007,CLS_0227,P002575,0.4002653658390045,0.3862065076828003,0.41199585795402527
SCH_007,CLS_0227,P002807,0.4253644049167633,0.5033314824104309,0.4768163561820984
SCH_007,CLS_0227,P004224,0.42555108666419983,0.4462601840496063,0.4386419653892517
SCH_007,CLS_0227,P005264,0.45549434423446655,0.5270720720291138,0.49343568086624146
SCH_007,CLS_0227,P005836,0.4049675166606903,0.442514568567276,0.43522533774375916
SCH_007,CLS_0227,P005891,0.31102079153060913,0.3092195391654968,0.37385818362236023
SCH_007,CLS_0227,P006780,0.35601314902305603,0.38531896471977234,0.42613357305526733
SCH_007,CLS_0244,P000101,0.5290794372558594,0.5472228527069092,0.5177597403526306
SCH_007,CLS_0244,P002241,0.3351876735687256,0.3400214612483978,0.3948509991168976
SCH_007,CLS_0244,P002514,0.3643110394477844,0.41268590092658997,0.42999935150146484
SCH_007,CLS_0244,P004635,0.3760698437690735,0.39320436120033264,0.41991713643074036
SCH_007,CLS_0244,P004680,0.4787496328353882,0.5098580718040466,0.5021926760673523
SCH_007,CLS_0244,P006956,0.3967188894748688,0.4515950381755829,0.43256890773773193
SCH_008,CLS_0005,P000251,0.2827656865119934,0.3039085268974304,0.3372228741645813
SCH_008,CLS_0005,P000464,0.28451603651046753,0.30568742752075195,0.34745708107948303
SCH_008,CLS_0005,P003375,0.33202093839645386,0.34309056401252747,0.3912392556667328
SCH_008,CLS_0005,P004684,0.28333190083503723,0.30636680126190186,0.33447176218032837
SCH_008,CLS_0005,P004771,0.3122180700302124,0.3350926637649536,0.38536304235458374
SCH_008,CLS_0005,P006004,0.27515873312950134,0.30185016989707947,0.33551025390625
SCH_008,CLS_0005,P007006,0.3093627393245697,0.331831693649292,0.3639404773712158
SCH_008,CLS_0005,P007224,0.3370858132839203,0.3639698326587677,0.37997329235076904
SCH_008,CLS_0005,P007239,0.3074689507484436,0.33135566115379333,0.35234206914901733
SCH_008,CLS_0005,P007416,0.3131762742996216,0.3192048966884613,0.35448408126831055
SCH_008,CLS_0008,P003274,0.29012420773506165,0.3103193938732147,0.34330472350120544
SCH_008,CLS_0008,P004644,0.2803158760070801,0.3070383369922638,0.3345094919204712
SCH_008,CLS_0008,P005390,0.30388444662094116,0.3070390820503235,0.35347387194633484
SCH_008,CLS_0008,P005587,0.3377380073070526,0.3779136538505554,0.404754102230072
SCH_008,CLS_0008,P007277,0.33467212319374084,0.36513906717300415,0.4000662863254547
SCH_008,CLS_0021,P000259,0.30459409952163696,0.3039492666721344,0.3438235819339752
SCH_008,CLS_0021,P000771,0.3580920994281769,0.3858184516429901,0.42103928327560425
SCH_008,CLS_0021,P000895,0.3127496540546417,0.3294735848903656,0.3739834129810333
SCH_008,CLS_0021,P001104,0.3041171431541443,0.3229195475578308,0.3610265552997589
SCH_008,CLS_0021,P005489,0.3223839998245239,0.32865235209465027,0.37070703506469727
SCH_008,CLS_0021,P006005,0.33101770281791687,0.3308665156364441,0.38245224952697754
SCH_008,CLS_0021,P006547,0.30556827783584595,0.3326360583305359,0.34503331780433655
SCH_008,CLS_0028,P001644,0.3131103813648224,0.3188733160495758,0.3589569926261902
SCH_008,CLS_0028,P007293,0.2921862304210663,0.3145684003829956,0.3354457914829254
SCH_008,CLS_0030,P001864,0.2953859269618988,0.2955385148525238,0.3500588834285736
SCH_008,CLS_0030,P003043,0.31953924894332886,0.311988890171051,0.3578391671180725
SCH_008,CLS_0030,P003279,0.30147770047187805,0.3333636522293091,0.35310137271881104
SCH_008,CLS_0042,P000099,0.28101852536201477,0.2993738055229187,0.34546828269958496
SCH_008,CLS_0042,P004196,0.28431546688079834,0.3070085048675537,0.33993297815322876
SCH_008,CLS_0042,P004442,0.28010034561157227,0.30146482586860657,0.3513488173484802
SCH_008,CLS_0042,P004740,0.2888319194316864,0.30868619680404663,0.3453499376773834
SCH_008,CLS_0042,P006053,0.3050024211406708,0.3285624384880066,0.3545905649662018
SCH_008,CLS_0042,P006275,0.28323155641555786,0.29969093203544617,0.3421746790409088
SCH_008,CLS_0052,P002054,0.2892366051673889,0.3101065754890442,0.3459666073322296
SCH_008,CLS_0052,P002563,0.38409170508384705,0.43433108925819397,0.4765545129776001
SCH_008,CLS_0059,P001344,0.32200902700424194,0.32615426182746887,0.3854987919330597
SCH_008,CLS_0059,P004241,0.28980693221092224,0.3054351210594177,0.3467625677585602
SCH_008,CLS_0059,P006594,0.3110796809196472,0.3234655261039734,0.3628018796443939
SCH_008,CLS_0059,P007318,0.3306381404399872,0.36483073234558105,0.37898901104927063
SCH_008,CLS_0088,P001840,0.304158478975296,0.31405001878738403,0.36070528626441956
SCH_008,CLS_0088,P004068,0.3362107276916504,0.3550049066543579,0.38029664754867554
SCH_008,CLS_0090,P000838,0.3046332597732544,0.3252573013305664,0.35796329379081726
SCH_008,CLS_0090,P001795,0.29898595809936523,0.3217650055885315,0.3416098356246948
SCH_008,CLS_0090,P003895,0.3246654272079468,0.3299161195755005,0.3780963122844696
SCH_008,CLS_0090,P005050,0.2835175693035126,0.3104341924190521,0.3501392900943756
SCH_008,CLS_0093,P005174,0.2995876967906952,0.3144267499446869,0.3578283190727234
SCH_008,CLS_0093,P006252,0.35991013050079346,0.37722674012184143,0.39706650376319885
SCH_008,CLS_0095,P002928,0.2908558249473572,0.3110393285751343,0.34764596819877625
SCH_008,CLS_0097,P003533,0.3357657194137573,0.38137659430503845,0.3840983510017395
SCH_008,CLS_0097,P004076,0.2775396406650543,0.2939576804637909,0.34501853585243225
SCH_008,CLS_0109,P000441,0.29632312059402466,0.3045472502708435,0.3468189239501953
SCH_008,CLS_0109,P002821,0.29875364899635315,0.31812727451324463,0.348111629486084
SCH_008,CLS_0109,P006048,0.3213677406311035,0.34915685653686523,0.3568420708179474
SCH_008,CLS_0109,P006810,0.3253214359283447,0.3603564500808716,0.3544466495513916
SCH_008,CLS_0161,P003053,0.30579957365989685,0.3066299855709076,0.357577383518219
SCH_008,CLS_0171,P001872,0.3051893711090088,0.31911396980285645,0.38235509395599365
SCH_008,CLS_0171,P001943,0.27421534061431885,0.2955321669578552,0.34924545884132385
SCH_008,CLS_0171,P002424,0.3100851774215698,0.3165770471096039,0.3839109539985657
SCH_008,CLS_0171,P002943,0.30051660537719727,0.30814990401268005,0.35629692673683167
SCH_008,CLS_0171,P004397,0.29047003388404846,0.3168833255767822,0.37485599517822266
SCH_008,CLS_0171,P006119,0.30719614028930664,0.3340657651424408,0.35719969868659973
SCH_008,CLS_0171,P006347,0.3209061026573181,0.3251752257347107,0.3720390796661377
SCH_008,CLS_0176,P001403,0.2867066562175751,0.3019656240940094,0.33772513270378113
SCH_008,CLS_0176,P001896,0.29419875144958496,0.30413201451301575,0.3447587788105011
SCH_008,CLS_0176,P003616,0.32503703236579895,0.3725143373012543,0.4049363434314728
SCH_008,CLS_0176,P006829,0.2914104759693146,0.3018050789833069,0.3451148569583893
SCH_008,CLS_0180,P000310,0.30070286989212036,0.32198452949523926,0.3498595654964447
SCH_008,CLS_0180,P000660,0.31637871265411377,0.337758868932724,0.3778725564479828
SCH_008,CLS_0180,P001052,0.34679749608039856,0.3667745590209961,0.4143711030483246
SCH_008,CLS_0180,P001265,0.3013330101966858,0.30928871035575867,0.36714881658554077
SCH_008,CLS_0180,P001615,0.29682037234306335,0.3172603249549866,0.3428448736667633
SCH_008,CLS_0180,P001659,0.29819154739379883,0.3170279264450073,0.3470328748226166
SCH_008,CLS_0180,P003293,0.328663170337677,0.3601832687854767,0.41661739349365234
SCH_008,CLS_0180,P005999,0.2836768329143524,0.30247077345848083,0.34447231888771057
SCH_008,CLS_0180,P007308,0.3034225404262543,0.3433181941509247,0.3883073329925537
SCH_008,CLS_0182,P001037,0.3329502046108246,0.3491177260875702,0.38893142342567444
SCH_008,CLS_0182,P001406,0.27509066462516785,0.2954437732696533,0.3451823592185974
SCH_008,CLS_0182,P003926,0.28614240884780884,0.30891647934913635,0.3426221013069153
SCH_008,CLS_0182,P005885,0.30060824751853943,0.33257701992988586,0.36233392357826233
SCH_008,CLS_0204,P003222,0.30335307121276855,0.3236011564731598,0.3748616576194763
SCH_008,CLS_0204,P006915,0.3163878619670868,0.33707934617996216,0.391600638628006
SCH_008,CLS_0206,P000096,0.32077234983444214,0.32372310757637024,0.371915727853775
SCH_008,CLS_0206,P000906,0.3496399521827698,0.3715552091598511,0.4158566892147064
SCH_008,CLS_0206,P001231,0.3063785433769226,0.3033405542373657,0.3481821119785309
SCH_008,CLS_0206,P002076,0.3415062427520752,0.3773200809955597,0.37733182311058044
SCH_008,CLS_0206,P002437,0.2922753691673279,0.2905665934085846,0.3562504053115845
SCH_008,CLS_0206,P002535,0.31210222840309143,0.3202853500843048,0.36294618248939514
SCH_008,CLS_0206,P003230,0.323332279920578,0.3498547077178955,0.3848801553249359
SCH_008,CLS_0206,P006805,0.28918933868408203,0.3024660646915436,0.3414428234100342
SCH_008,CLS_0217,P001786,0.2809162735939026,0.2924424707889557,0.34896451234817505
SCH_008,CLS_0217,P004058,0.29844048619270325,0.31067341566085815,0.3789046108722687
SCH_008,CLS_0217,P005612,0.3192404806613922,0.3324781656265259,0.37085697054862976
SCH_008,CLS_0217,P006001,0.28859952092170715,0.2968384325504303,0.3526187539100647
SCH_008,CLS_0217,P006181,0.2947617769241333,0.3100448548793793,0.3439469635486603
SCH_008,CLS_0217,P007238,0.29545336961746216,0.29404133558273315,0.3637484312057495
SCH_008,CLS_0223,P001891,0.28085437417030334,0.3016912639141083,0.3377675414085388
SCH_008,CLS_0223,P003459,0.31016969680786133,0.31295862793922424,0.3522215485572815
SCH_008,CLS_0223,P006207,0.28989148139953613,0.3051814138889313,0.3500240445137024
SCH_008,CLS_0226,P001180,0.2975386381149292,0.2984037399291992,0.3510807454586029
SCH_008,CLS_0226,P002631,0.3080996572971344,0.30482178926467896,0.35191330313682556
SCH_008,CLS_0226,P003643,0.33194640278816223,0.34682580828666687,0.4074035882949829
SCH_008,CLS_0226,P005383,0.3087761700153351,0.3206694722175598,0.37345483899116516
SCH_008,CLS_0226,P005972,0.2926390767097473,0.2998336851596832,0.3466978967189789
SCH_008,CLS_0226,P006875,0.31456562876701355,0.3313020169734955,0.37784698605537415
SCH_008,CLS_0226,P007357,0.3055441975593567,0.32464662194252014,0.3549322485923767
SCH_008,CLS_0246,P004363,0.3020457625389099,0.33911290764808655,0.37673062086105347
SCH_008,CLS_0246,P005680,0.3335666358470917,0.33173227310180664,0.37326565384864807
SCH_008,CLS_0247,P002736,0.30227208137512207,0.3171992599964142,0.36814358830451965
SCH_008,CLS_0247,P003119,0.31457850337028503,0.31834283471107483,0.37001708149909973
SCH_008,CLS_0247,P004642,0.3062519133090973,0.320016086101532,0.3424243628978729
SCH_008,CLS_0247,P005130,0.32507219910621643,0.3624745011329651,0.420208215713501
SCH_008,CLS_0247,P007436,0.32028570771217346,0.32361698150634766,0.3855386972427368
SCH_009,CLS_0009,P000656,0.4789028465747833,0.44967904686927795,0.4712115526199341
SCH_009,CLS_0029,P002366,0.5496448278427124,0.5659474730491638,0.5183297991752625
SCH_009,CLS_0029,P003156,0.5112976431846619,0.5154210925102234,0.4808339476585388
SCH_009,CLS_0029,P004096,0.4250359535217285,0.4309868812561035,0.428107887506485
SCH_009,CLS_0029,P004967,0.658873975276947,0.6137216687202454,0.5843933820724487
SCH_009,CLS_0029,P006363,0.4575399160385132,0.4616604149341583,0.4551473557949066
SCH_009,CLS_0029,P007329,0.5720093250274658,0.5825534462928772,0.5395395159721375
SCH_009,CLS_0032,P000012,0.7140619158744812,0.6567717790603638,0.638171911239624
SCH_009,CLS_0032,P002581,0.53728187084198,0.5366828441619873,0.5207850337028503
SCH_009,CLS_0032,P003725,0.5094574093818665,0.5032153129577637,0.4809621572494507
SCH_009,CLS_0032,P006240,0.5104166269302368,0.49422094225883484,0.48417630791664124
SCH_009,CLS_0032,P006871,0.504412055015564,0.515273928642273,0.49066436290740967
SCH_009,CLS_0055,P005655,0.5662670135498047,0.5107989311218262,0.5090397596359253
SCH_009,CLS_0075,P003846,0.4406565725803375,0.408565491437912,0.4363683760166168
SCH_009,CLS_0075,P005728,0.5357516407966614,0.5312686562538147,0.509028434753418
SCH_009,CLS_0075,P006895,0.5256375670433044,0.5178444385528564,0.4906272292137146
SCH_009,CLS_0076,P005362,0.520254373550415,0.4683682918548584,0.5162208080291748
SCH_009,CLS_0076,P006862,0.6594191193580627,0.5781672596931458,0.6042865514755249
SCH_009,CLS_0080,P001046,0.7406842112541199,0.6916854977607727,0.6599580645561218
SCH_009,CLS_0085,P003821,0.49232086539268494,0.4833643138408661,0.4996104836463928
SCH_009,CLS_0085,P006173,0.5548723936080933,0.5369958281517029,0.5098193883895874
SCH_009,CLS_0085,P006308,0.5508255958557129,0.48656609654426575,0.5499634742736816
SCH_009,CLS_0085,P007776,0.4935990273952484,0.499681681394577,0.4899979531764984
SCH_009,CLS_0087,P003347,0.4723326563835144,0.4713912904262543,0.4729965925216675
SCH_009,CLS_0087,P004156,0.4992449879646301,0.5017294883728027,0.5067893862724304
SCH_009,CLS_0087,P004877,0.471296101808548,0.4515274465084076,0.47085660696029663
SCH_009,CLS_0087,P005118,0.5111813545227051,0.5210061073303223,0.4968198835849762
SCH_009,CLS_0087,P005219,0.43334341049194336,0.4164954721927643,0.44171157479286194
SCH_009,CLS_0096,P001797,0.5699257254600525,0.5253403186798096,0.5386082530021667
SCH_009,CLS_0096,P003553,0.5177910327911377,0.5097635388374329,0.5091995000839233
SCH_009,CLS_0096,P006543,0.4883013069629669,0.47446179389953613,0.4874825179576874
SCH_009,CLS_0108,P001581,0.5350120067596436,0.5087499618530273,0.49767979979515076
SCH_009,CLS_0108,P002359,0.6263598203659058,0.5515166521072388,0.5610900521278381
SCH_009,CLS_0108,P003448,0.7545297145843506,0.6567884087562561,0.6879082918167114
SCH_009,CLS_0108,P004874,0.6927751898765564,0.6595082879066467,0.602116584777832
SCH_009,CLS_0108,P005132,0.5260885953903198,0.5222599506378174,0.48503854870796204
SCH_009,CLS_0108,P007183,0.7552503347396851,0.6622266173362732,0.6900173425674438
SCH_009,CLS_0111,P000370,0.5028485059738159,0.5105645060539246,0.5026088953018188
SCH_009,CLS_0111,P002926,0.530825138092041,0.5143111944198608,0.5197666883468628
SCH_009,CLS_0111,P007111,0.5613320469856262,0.5243454575538635,0.509777307510376
SCH_009,CLS_0121,P002092,0.6048740744590759,0.6057032346725464,0.5658469200134277
SCH_009,CLS_0121,P005176,0.5080392360687256,0.5014558434486389,0.4904664158821106
SCH_009,CLS_0138,P001005,0.6097822189331055,0.5749295949935913,0.5496467351913452
SCH_009,CLS_0138,P001457,0.47272124886512756,0.4891265332698822,0.463163286447525
SCH_009,CLS_0138,P004893,0.5340681672096252,0.4943823218345642,0.49822095036506653
SCH_009,CLS_0138,P007448,0.7732062339782715,0.6869459748268127,0.7001863718032837
SCH_009,CLS_0144,P000037,0.5381411910057068,0.5218572616577148,0.5064610242843628
SCH_009,CLS_0144,P003106,0.660292387008667,0.624625563621521,0.5917320847511292
SCH_009,CLS_0144,P003326,0.4169822037220001,0.42863166332244873,0.43893301486968994
SCH_009,CLS_0144,P007773,0.517175018787384,0.4798978567123413,0.4780111312866211
SCH_009,CLS_0145,P000951,0.4427967071533203,0.4173341989517212,0.4444699287414551
SCH_009,CLS_0145,P005070,0.6295084953308105,0.5595605373382568,0.5771759152412415
SCH_009,CLS_0145,P005129,0.7424919009208679,0.6773491501808167,0.6657439470291138
SCH_009,CLS_0145,P005340,0.4850253164768219,0.4811161160469055,0.4775916635990143
SCH_009,CLS_0154,P001562,0.5303691625595093,0.5098365545272827,0.5041196942329407
SCH_009,CLS_0162,P000210,0.4835127592086792,0.4777810871601105,0.4776759147644043
SCH_009,CLS_0162,P002668,0.5476934909820557,0.5441870093345642,0.5169989466667175
SCH_009,CLS_0162,P003372,0.5710853934288025,0.5613711476325989,0.5247771143913269
SCH_009,CLS_0162,P004446,0.52596515417099,0.5345261693000793,0.4951897859573364
SCH_009,CLS_0162,P004900,0.455792635679245,0.4790346324443817,0.46115216612815857
SCH_009,CLS_0162,P006416,0.5353951454162598,0.5300282835960388,0.4988684058189392
SCH_009,CLS_0162,P006668,0.43042778968811035,0.42095255851745605,0.42624303698539734
SCH_009,CLS_0162,P006796,0.5300285220146179,0.5373942852020264,0.48880884051322937
SCH_009,CLS_0164,P004127,0.4952440559864044,0.4773344099521637,0.48492246866226196
SCH_009,CLS_0164,P006087,0.6260229349136353,0.5571282505989075,0.5588715076446533
SCH_009,CLS_0166,P004273,0.44636771082878113,0.49849334359169006,0.4560023248195648
SCH_009,CLS_0166,P005766,0.7404007911682129,0.6121422052383423,0.6910390853881836
SCH_009,CLS_0168,P003818,0.464811235666275,0.4391699433326721,0.47656410932540894
SCH_009,CLS_0168,P003998,0.6016194224357605,0.5752555727958679,0.5452227592468262
SCH_009,CLS_0168,P005400,0.5305050015449524,0.5227805376052856,0.4935217797756195
SCH_009,CLS_0179,P006578,0.5291224122047424,0.5459144711494446,0.4975036382675171
SCH_009,CLS_0179,P007372,0.506757378578186,0.5045514702796936,0.49248620867729187
SCH_009,CLS_0183,P000503,0.5107057094573975,0.49944666028022766,0.5308200716972351
SCH_009,CLS_0183,P001544,0.565064549446106,0.5143424272537231,0.5578505396842957
SCH_009,CLS_0183,P001556,0.5301722884178162,0.5245472192764282,0.4861321449279785
SCH_009,CLS_0183,P002612,0.47306060791015625,0.4563930332660675,0.4716785252094269
SCH_009,CLS_0183,P003595,0.5007272958755493,0.49066194891929626,0.5040429830551147
SCH_009,CLS_0183,P003929,0.535355806350708,0.500450849533081,0.5278807878494263
SCH_009,CLS_0183,P004841,0.528032124042511,0.5117559432983398,0.5036860108375549
SCH_009,CLS_0183,P005236,0.5131780505180359,0.4791063666343689,0.5288629531860352
SCH_009,CLS_0183,P006511,0.46741941571235657,0.46871352195739746,0.4598940908908844
SCH_009,CLS_0183,P007087,0.4831276834011078,0.4487130641937256,0.49070626497268677
SCH_009,CLS_0185,P001765,0.4793494641780853,0.44481950998306274,0.48975202441215515
SCH_009,CLS_0185,P002139,0.4715714454650879,0.47755929827690125,0.4649582803249359
SCH_009,CLS_0185,P002533,0.6841742396354675,0.5828684568405151,0.6274437308311462
SCH_009,CLS_0185,P002825,0.6529402732849121,0.5891523361206055,0.5987255573272705
SCH_009,CLS_0185,P003097,0.7360104918479919,0.6513098478317261,0.6743065118789673
SCH_009,CLS_0185,P007699,0.7355251908302307,0.6962717771530151,0.6509349942207336
SCH_009,CLS_0200,P002484,0.4579692482948303,0.4734538495540619,0.46310582756996155
SCH_009,CLS_0200,P006665,0.7009909749031067,0.6132465600967407,0.6406778693199158
SCH_009,CLS_0200,P007038,0.516262948513031,0.48370635509490967,0.5039249062538147
SCH_009,CLS_0216,P002300,0.5509053468704224,0.5496779084205627,0.519225537776947
SCH_009,CLS_0216,P004311,0.5239303112030029,0.49719637632369995,0.5144001245498657
SCH_009,CLS_0230,P000334,0.5687974691390991,0.5365834832191467,0.5451966524124146
SCH_009,CLS_0230,P001695,0.4850565195083618,0.46938908100128174,0.4892543852329254
SCH_009,CLS_0230,P002595,0.5240535140037537,0.5099482536315918,0.5319699048995972
SCH_009,CLS_0230,P006449,0.5249166488647461,0.521225094795227,0.5001513361930847
SCH_009,CLS_0243,P002865,0.6732780337333679,0.6180224418640137,0.6039639115333557
SCH_009,CLS_0243,P007024,0.451092928647995,0.40866827964782715,0.45345625281333923
SCH_009,CLS_0251,P001926,0.5273473858833313,0.5263411402702332,0.49856626987457275
SCH_009,CLS_0251,P002525,0.5888470411300659,0.5477136969566345,0.5253740549087524
SCH_009,CLS_0251,P002755,0.5206434726715088,0.503501832485199,0.48733633756637573
SCH_009,CLS_0251,P005257,0.5566179156303406,0.5611301064491272,0.5170416831970215
SCH_009,CLS_0251,P006718,0.6586503982543945,0.5851238965988159,0.5909600853919983
SCH_009,CLS_0251,P007427,0.7579666376113892,0.6907379627227783,0.6855032444000244
SCH_010,CLS_0011,P001143,0.48593154549598694,0.48805707693099976,0.4442102611064911
SCH_010,CLS_0011,P004412,0.5499746203422546,0.548851728439331,0.4874402582645416
SCH_010,CLS_0011,P004802,0.674264669418335,0.6686824560165405,0.5741912722587585
SCH_010,CLS_0011,P005312,0.4127615690231323,0.37895628809928894,0.41395026445388794
SCH_010,CLS_0011,P007144,0.4748721420764923,0.4703076183795929,0.44066017866134644
SCH_010,CLS_0013,P000725,0.49533528089523315,0.49571651220321655,0.4644741714000702
SCH_010,CLS_0013,P001756,0.5381900668144226,0.5512670278549194,0.49361279606819153
SCH_010,CLS_0013,P003460,0.6329042315483093,0.6377716660499573,0.5607279539108276
SCH_010,CLS_0022,P000907,0.5611670017242432,0.5460651516914368,0.49960583448410034
SCH_010,CLS_0022,P001831,0.4798963963985443,0.48000431060791016,0.4397684931755066
SCH_010,CLS_0022,P001854,0.5000476241111755,0.5094804763793945,0.4609258472919464
SCH_010,CLS_0022,P003171,0.4467816650867462,0.44566935300827026,0.41920822858810425
SCH_010,CLS_0022,P004205,0.6104406118392944,0.6357587575912476,0.5549083352088928
SCH_010,CLS_0022,P004206,0.4996986985206604,0.506422758102417,0.46512171626091003
SCH_010,CLS_0022,P004452,0.7052316069602966,0.6939338445663452,0.61701899766922
SCH_010,CLS_0022,P005838,0.4638468325138092,0.45975133776664734,0.42672595381736755
SCH_010,CLS_0022,P006100,0.5584686398506165,0.5784291625022888,0.5335058569908142
SCH_010,CLS_0022,P007100,0.55621737241745,0.5587807893753052,0.5092743635177612
SCH_010,CLS_0022,P007587,0.5158224105834961,0.5303873419761658,0.5092105269432068
SCH_010,CLS_0033,P000304,0.5087008476257324,0.5390447378158569,0.49279147386550903
SCH_010,CLS_0033,P001728,0.5398690700531006,0.5443442463874817,0.5047170519828796
SCH_010,CLS_0045,P000070,0.5727160573005676,0.5662693381309509,0.5235717296600342
SCH_010,CLS_0045,P000359,0.5837096571922302,0.5898576974868774,0.5310634970664978
SCH_010,CLS_0045,P000580,0.49853891134262085,0.5155162811279297,0.49472007155418396
SCH_010,CLS_0045,P001491,0.49456366896629333,0.47582942247390747,0.46610307693481445
SCH_010,CLS_0045,P002188,0.49330487847328186,0.5048611164093018,0.48197123408317566
SCH_010,CLS_0045,P003602,0.6221045255661011,0.6189050674438477,0.542914092540741
SCH_010,CLS_0045,P003729,0.560931384563446,0.5827853679656982,0.5380887389183044
SCH_010,CLS_0045,P003812,0.3713959753513336,0.39853042364120483,0.3541378676891327
SCH_010,CLS_0045,P004501,0.5821593999862671,0.5726568698883057,0.520780086517334
SCH_010,CLS_0045,P005911,0.5883695483207703,0.591058075428009,0.5311539173126221
SCH_010,CLS_0045,P006236,0.5107476115226746,0.5314387679100037,0.4992872476577759
SCH_010,CLS_0045,P006941,0.3429521322250366,0.3974403440952301,0.3669396936893463
SCH_010,CLS_0045,P007334,0.6387755870819092,0.6387479901313782,0.5675972104072571
SCH_010,CLS_0045,P007678,0.5428855419158936,0.5290769338607788,0.500960648059845
SCH_010,CLS_0046,P000442,0.5265980362892151,0.493118017911911,0.4818350076675415
SCH_010,CLS_0046,P004003,0.5089304447174072,0.5045011043548584,0.48274266719818115
SCH_010,CLS_0046,P007732,0.63191819190979,0.6434868574142456,0.5594953894615173
SCH_010,CLS_0047,P004106,0.5483410358428955,0.5666834115982056,0.5276445150375366
SCH_010,CLS_0047,P005436,0.5252639651298523,0.5360631942749023,0.4999384880065918
SCH_010,CLS_0047,P006695,0.5054690837860107,0.5113495588302612,0.48039233684539795
SCH_010,CLS_0065,P002342,0.49057093262672424,0.5114743113517761,0.4835211932659149
SCH_010,CLS_0065,P002952,0.53277188539505,0.5517117381095886,0.4893192946910858
SCH_010,CLS_0065,P002993,0.4754524230957031,0.47942256927490234,0.4354972839355469
SCH_010,CLS_0079,P000890,0.42508837580680847,0.4584488868713379,0.43761488795280457
SCH_010,CLS_0079,P002029,0.49029257893562317,0.49858802556991577,0.45895183086395264
SCH_010,CLS_0079,P002332,0.6326782703399658,0.5969399809837341,0.5581932067871094
SCH_010,CLS_0079,P003609,0.5261010527610779,0.5163506865501404,0.47292816638946533
SCH_010,CLS_0079,P004326,0.4178418517112732,0.4697461426258087,0.4418540596961975
SCH_010,CLS_0079,P004447,0.5136688351631165,0.5257759690284729,0.478202760219574
SCH_010,CLS_0079,P005899,0.4402417242527008,0.434417188167572,0.4116925597190857
SCH_010,CLS_0079,P006042,0.43673980236053467,0.4215657114982605,0.4146476089954376
SCH_010,CLS_0079,P006061,0.5568568706512451,0.5710645914077759,0.5237399339675903
SCH_010,CLS_0079,P007393,0.46908366680145264,0.48704206943511963,0.42651867866516113
SCH_010,CLS_0089,P000635,0.5401844382286072,0.5718322992324829,0.5146039128303528
SCH_010,CLS_0100,P002477,0.5065887570381165,0.5341719388961792,0.49633610248565674
SCH_010,CLS_0100,P003907,0.49832218885421753,0.4929260015487671,0.468554824590683
SCH_010,CLS_0100,P005560,0.5427473187446594,0.543899416923523,0.5064730644226074
SCH_010,CLS_0100,P006159,0.5368209481239319,0.5519120693206787,0.5219467282295227
SCH_010,CLS_0104,P001202,0.553675651550293,0.5665479302406311,0.5168223977088928
SCH_010,CLS_0104,P003489,0.5131583213806152,0.5019823312759399,0.4636257588863373
SCH_010,CLS_0104,P006271,0.39529815316200256,0.4035656750202179,0.3761313557624817
SCH_010,CLS_0115,P001100,0.5574326515197754,0.5240317583084106,0.4958842396736145
SCH_010,CLS_0115,P002124,0.426418274641037,0.47737041115760803,0.4641709625720978
SCH_010,CLS_0115,P002474,0.3775763511657715,0.4372071623802185,0.39150768518447876
SCH_010,CLS_0115,P003022,0.5111791491508484,0.49178966879844666,0.46858710050582886
SCH_010,CLS_0115,P003067,0.4754001200199127,0.5078215599060059,0.4777452349662781
SCH_010,CLS_0115,P005853,0.5351473689079285,0.552401602268219,0.5131983757019043
SCH_010,CLS_0115,P007580,0.3852471113204956,0.3999444544315338,0.3949544429779053
SCH_010,CLS_0125,P001629,0.5087028741836548,0.5145377516746521,0.4718003273010254
SCH_010,CLS_0125,P006365,0.5386171936988831,0.5423961877822876,0.48598340153694153
SCH_010,CLS_0125,P007090,0.6244651675224304,0.6354721188545227,0.5596203207969666
SCH_010,CLS_0135,P000102,0.4809424579143524,0.48923274874687195,0.4382054805755615
SCH_010,CLS_0135,P000601,0.6194663047790527,0.6307165026664734,0.5571874976158142
SCH_010,CLS_0135,P001172,0.566311776638031,0.5685831308364868,0.5148410797119141
SCH_010,CLS_0135,P001525,0.6377519965171814,0.6412786245346069,0.5680474042892456
SCH_010,CLS_0135,P001566,0.4280768632888794,0.4882160425186157,0.43541112542152405
SCH_010,CLS_0135,P001579,0.551925778388977,0.5481944680213928,0.5134633779525757
SCH_010,CLS_0135,P002119,0.4615039527416229,0.4347868859767914,0.4408063292503357
SCH_010,CLS_0135,P004047,0.444903165102005,0.44614967703819275,0.4334099590778351
SCH_010,CLS_0135,P004888,0.47626176476478577,0.4649514853954315,0.45501789450645447
SCH_010,CLS_0135,P005739,0.5678877234458923,0.5889668464660645,0.5330523252487183
SCH_010,CLS_0135,P006715,0.5034621357917786,0.49653175473213196,0.46955692768096924
SCH_010,CLS_0136,P000226,0.5244925618171692,0.5344734787940979,0.48485684394836426
SCH_010,CLS_0136,P004188,0.5299307703971863,0.5523707866668701,0.49352702498435974
SCH_010,CLS_0141,P000314,0.5575057864189148,0.5677875876426697,0.5245248079299927
SCH_010,CLS_0141,P001526,0.537114143371582,0.528343141078949,0.4832875728607178
SCH_010,CLS_0141,P003244,0.4925936758518219,0.49878036975860596,0.4577574133872986
SCH_010,CLS_0141,P004136,0.7910593152046204,0.7667864561080933,0.6916624307632446
SCH_010,CLS_0143,P002878,0.5495411157608032,0.5718234181404114,0.5280576944351196
SCH_010,CLS_0143,P002909,0.511310338973999,0.5227213501930237,0.47734808921813965
SCH_010,CLS_0143,P003034,0.6012631058692932,0.6091552972793579,0.5533221364021301
SCH_010,CLS_0143,P006684,0.5320259928703308,0.5436650514602661,0.49932998418807983
SCH_010,CLS_0143,P007706,0.7097321152687073,0.7137187123298645,0.6050701141357422
SCH_010,CLS_0150,P000515,0.49212396144866943,0.49529555439949036,0.4605766534805298
SCH_010,CLS_0150,P000817,0.2906956076622009,0.3460107147693634,0.28454074263572693
SCH_010,CLS_0150,P000973,0.3735369145870209,0.4230002760887146,0.4220524728298187
SCH_010,CLS_0150,P001481,0.4452555775642395,0.4676947593688965,0.45735666155815125
SCH_010,CLS_0150,P001537,0.33764538168907166,0.39086320996284485,0.34957778453826904
SCH_010,CLS_0150,P001650,0.3496660888195038,0.4006691575050354,0.33560219407081604
SCH_010,CLS_0150,P002962,0.5307126045227051,0.5481457114219666,0.517083466053009
SCH_010,CLS_0150,P003451,0.5328403115272522,0.5605085492134094,0.5236537456512451
SCH_010,CLS_0150,P003606,0.5008692741394043,0.4954458773136139,0.45671388506889343
SCH_010,CLS_0150,P003708,0.3464372754096985,0.39604637026786804,0.3579033613204956
SCH_010,CLS_0150,P005209,0.3247357904911041,0.38078421354293823,0.28497815132141113
SCH_010,CLS_0150,P005324,0.4356662929058075,0.4849957525730133,0.4463532567024231
SCH_010,CLS_0150,P006828,0.6024929285049438,0.6101529002189636,0.5443987846374512
SCH_010,CLS_0155,P000575,0.5084102749824524,0.5180143117904663,0.46697404980659485
SCH_010,CLS_0155,P003379,0.513972818851471,0.5161072611808777,0.4903252422809601
SCH_010,CLS_0155,P006410,0.4720118045806885,0.5225600600242615,0.47816622257232666
SCH_010,CLS_0159,P000749,0.5216742753982544,0.5315577983856201,0.4756816625595093
SCH_010,CLS_0159,P007558,0.5669884085655212,0.5826752185821533,0.5361846089363098
SCH_010,CLS_0160,P002847,0.5451201796531677,0.5615480542182922,0.49340102076530457
SCH_010,CLS_0160,P003570,0.5496883988380432,0.5480833649635315,0.5004670023918152
SCH_010,CLS_0163,P001066,0.47505712509155273,0.4711468815803528,0.4518006145954132
SCH_010,CLS_0163,P003404,0.46381232142448425,0.4560876786708832,0.4465930759906769
SCH_010,CLS_0165,P000079,0.5375627279281616,0.5644727349281311,0.5175970196723938
SCH_010,CLS_0165,P000105,0.5792349576950073,0.526890218257904,0.517270565032959
SCH_010,CLS_0165,P000789,0.4659441113471985,0.4556487202644348,0.4281439781188965
SCH_010,CLS_0165,P000979,0.5384091138839722,0.5496771335601807,0.5007197260856628
SCH_010,CLS_0165,P001087,0.46054136753082275,0.4498690962791443,0.41741037368774414
SCH_010,CLS_0165,P001573,0.4766893684864044,0.48590534925460815,0.43474605679512024
SCH_010,CLS_0165,P001869,0.46552562713623047,0.46084779500961304,0.4273706078529358
SCH_010,CLS_0165,P002206,0.530521810054779,0.5323199033737183,0.5029757022857666
SCH_010,CLS_0165,P003504,0.5009682178497314,0.5235072374343872,0.4987095594406128
SCH_010,CLS_0165,P005586,0.4506629705429077,0.47914865612983704,0.4591561257839203
SCH_010,CLS_0169,P001383,0.6390200853347778,0.6524181962013245,0.5678466558456421
SCH_010,CLS_0169,P005527,0.5524007678031921,0.5715768933296204,0.5170748233795166
SCH_010,CLS_0172,P001029,0.4657719135284424,0.459617018699646,0.4310125708580017
SCH_010,CLS_0172,P002146,0.3138847053050995,0.3692336082458496,0.304126113653183
SCH_010,CLS_0172,P002603,0.6343046426773071,0.6242899894714355,0.5397735834121704
SCH_010,CLS_0172,P002990,0.4141973555088043,0.42208564281463623,0.3894285559654236
SCH_010,CLS_0172,P004040,0.3527235984802246,0.378363698720932,0.38762757182121277
SCH_010,CLS_0172,P005056,0.4144376814365387,0.4415823817253113,0.4343080520629883
SCH_010,CLS_0172,P005242,0.6217612624168396,0.6114791631698608,0.5486224293708801
SCH_010,CLS_0172,P007062,0.4673190116882324,0.4766237139701843,0.451104074716568
SCH_010,CLS_0172,P007333,0.3948836326599121,0.3982464075088501,0.36551186442375183
SCH_010,CLS_0178,P000021,0.4748517870903015,0.4815509021282196,0.4371543824672699
SCH_010,CLS_0178,P000816,0.6185560822486877,0.625844419002533,0.5630262494087219
SCH_010,CLS_0178,P002423,0.703245997428894,0.7002781629562378,0.6196325421333313
SCH_010,CLS_0178,P004416,0.5215118527412415,0.5408504605293274,0.5132403373718262
SCH_010,CLS_0178,P005066,0.46420106291770935,0.505759060382843,0.48412811756134033
SCH_010,CLS_0178,P006922,0.49693697690963745,0.5158495306968689,0.47503235936164856
SCH_010,CLS_0178,P007519,0.6984761357307434,0.675518810749054,0.6018977761268616
SCH_010,CLS_0190,P000404,0.3851408362388611,0.4294406473636627,0.4019256830215454
SCH_010,CLS_0190,P000487,0.37214696407318115,0.4298301339149475,0.4516018033027649
SCH_010,CLS_0190,P000602,0.4593107998371124,0.4525966942310333,0.4318563640117645
SCH_010,CLS_0190,P000631,0.5073783993721008,0.5130400657653809,0.5033037662506104
SCH_010,CLS_0190,P000644,0.4513578414916992,0.44618433713912964,0.4441622495651245
SCH_010,CLS_0190,P001424,0.35987749695777893,0.42373576760292053,0.38922056555747986
SCH_010,CLS_0190,P001953,0.5830007791519165,0.5636559724807739,0.5297890901565552
SCH_010,CLS_0190,P002463,0.4815175533294678,0.4705917239189148,0.4521930515766144
SCH_010,CLS_0190,P002619,0.3605879545211792,0.4168206751346588,0.4031725227832794
SCH_010,CLS_0190,P004010,0.5231624245643616,0.5211003422737122,0.4984073340892792
SCH_010,CLS_0190,P004985,0.4854606091976166,0.5071709156036377,0.49405062198638916
SCH_010,CLS_0190,P005842,0.4532192647457123,0.46060630679130554,0.4453848600387573
SCH_010,CLS_0190,P005903,0.5866559743881226,0.6067594885826111,0.5304180383682251
SCH_010,CLS_0190,P006849,0.3933652639389038,0.3937339186668396,0.36673814058303833
SCH_010,CLS_0190,P007059,0.44436755776405334,0.430381178855896,0.43068745732307434
SCH_010,CLS_0190,P007271,0.5992588996887207,0.6061965823173523,0.5389469265937805
SCH_010,CLS_0190,P007632,0.4273557960987091,0.4284197688102722,0.41521939635276794
SCH_010,CLS_0193,P000302,0.3708331286907196,0.4267590343952179,0.39099738001823425
SCH_010,CLS_0193,P000402,0.5990226864814758,0.6056192517280579,0.5439929366111755
SCH_010,CLS_0193,P000590,0.6129656434059143,0.6016819477081299,0.5451155304908752
SCH_010,CLS_0193,P002480,0.4905887842178345,0.48591697216033936,0.44746193289756775
SCH_010,CLS_0193,P003216,0.5816760659217834,0.5925223231315613,0.5495476126670837
SCH_010,CLS_0193,P005552,0.2647292912006378,0.31740379333496094,0.21875284612178802
SCH_010,CLS_0193,P007259,0.5594789385795593,0.5710065960884094,0.5357643365859985
SCH_010,CLS_0201,P004720,0.4474780559539795,0.45753931999206543,0.4448629915714264
SCH_010,CLS_0201,P005644,0.6402283310890198,0.6196639537811279,0.5588632822036743
SCH_010,CLS_0201,P006721,0.5615353584289551,0.5880715847015381,0.512913167476654
SCH_010,CLS_0202,P004292,0.41277629137039185,0.45462846755981445,0.4097220301628113
SCH_010,CLS_0203,P005064,0.43829992413520813,0.4817578196525574,0.4494149088859558
SCH_010,CLS_0209,P000722,0.46300315856933594,0.45756277441978455,0.41935986280441284
SCH_010,CLS_0209,P001549,0.35169193148612976,0.39640116691589355,0.37128472328186035
SCH_010,CLS_0209,P001843,0.5091667175292969,0.5270697474479675,0.46541208028793335
SCH_010,CLS_0209,P002129,0.4975135624408722,0.5039598345756531,0.48937854170799255
SCH_010,CLS_0209,P002733,0.3788682818412781,0.4296939969062805,0.4010142683982849
SCH_010,CLS_0209,P002860,0.48291632533073425,0.4689674377441406,0.43521010875701904
SCH_010,CLS_0209,P004577,0.43434038758277893,0.4319723844528198,0.40607750415802
SCH_010,CLS_0209,P004786,0.5066376328468323,0.5335582494735718,0.49906614422798157
SCH_010,CLS_0209,P005093,0.5343647599220276,0.5470516085624695,0.5145382881164551
SCH_010,CLS_0209,P005184,0.46055176854133606,0.4566299021244049,0.4241052269935608
SCH_010,CLS_0209,P007693,0.5250284671783447,0.535873293876648,0.48974350094795227
SCH_010,CLS_0215,P000778,0.44848859310150146,0.444101482629776,0.41053593158721924
SCH_010,CLS_0215,P001404,0.4157043695449829,0.4059288799762726,0.38778117299079895
SCH_010,CLS_0215,P004054,0.3871349096298218,0.441901296377182,0.43006566166877747
SCH_010,CLS_0215,P004421,0.41711732745170593,0.46202266216278076,0.4397812783718109
SCH_010,CLS_0215,P005025,0.4227448105812073,0.4565441608428955,0.449981153011322
SCH_010,CLS_0215,P005164,0.3468727171421051,0.3853795826435089,0.33755677938461304
SCH_010,CLS_0215,P005763,0.36006873846054077,0.338936448097229,0.39214250445365906
SCH_010,CLS_0215,P006497,0.30013328790664673,0.34406715631484985,0.29129552841186523
SCH_010,CLS_0215,P006517,0.46441954374313354,0.4819449782371521,0.4484032988548279
SCH_010,CLS_0215,P006798,0.4497212767601013,0.4685719907283783,0.4523308277130127
SCH_010,CLS_0236,P000073,0.35748565196990967,0.41861602663993835,0.34923088550567627
SCH_010,CLS_0236,P001514,0.38113945722579956,0.38418298959732056,0.4081541895866394
SCH_010,CLS_0236,P002088,0.46558400988578796,0.45797163248062134,0.4190329909324646
SCH_010,CLS_0236,P002684,0.39904606342315674,0.41446158289909363,0.38945385813713074
SCH_010,CLS_0236,P004854,0.30310285091400146,0.3472488820552826,0.28687989711761475
SCH_010,CLS_0236,P005952,0.49263671040534973,0.5279743671417236,0.5002211928367615
SCH_010,CLS_0236,P006439,0.4280734062194824,0.4403226673603058,0.4273248016834259
SCH_010,CLS_0236,P006765,0.4837472438812256,0.5147531628608704,0.4902307391166687
SCH_010,CLS_0239,P000173,0.49001678824424744,0.525437593460083,0.4891996681690216
SCH_010,CLS_0239,P005803,0.472487211227417,0.5154966115951538,0.4651726484298706
SCH_010,CLS_0241,P006510,0.5172685384750366,0.5161294937133789,0.4827898144721985
SCH_010,CLS_0242,P001212,0.5067633390426636,0.49354588985443115,0.4728730022907257
SCH_010,CLS_0242,P001243,0.44221583008766174,0.4538887143135071,0.45421820878982544
SCH_010,CLS_0242,P001596,0.5654714107513428,0.5652491450309753,0.5165645480155945
SCH_010,CLS_0242,P002280,0.5461425185203552,0.5601928234100342,0.5207385420799255
SCH_010,CLS_0242,P002329,0.4742843210697174,0.4728538990020752,0.44655904173851013
SCH_010,CLS_0242,P002427,0.5558245778083801,0.5802225470542908,0.5365056991577148
SCH_010,CLS_0242,P003903,0.5812715888023376,0.5952788591384888,0.5366803407669067
SCH_010,CLS_0242,P004152,0.4741117060184479,0.4433121681213379,0.4432682991027832
SCH_010,CLS_0242,P004290,0.5299469828605652,0.5255309343338013,0.48022738099098206
SCH_010,CLS_0242,P004590,0.5378273129463196,0.5378970503807068,0.5177015066146851
SCH_010,CLS_0242,P005458,0.5406062006950378,0.5271897912025452,0.4955451488494873
SCH_010,CLS_0242,P005638,0.513778567314148,0.5044666528701782,0.48175013065338135
SCH_010,CLS_0242,P006666,0.5852850675582886,0.5987542867660522,0.5277822613716125
SCH_010,CLS_0242,P007500,0.30931323766708374,0.3624494969844818,0.3020877540111542
